[2026-05-27 18:11:58] local.ERROR: Class "Redis" not found {"exception":"[object] (Error(code: 0): Class \"Redis\" not found at /var/www/html/vendor/laravel/framework/src/Illuminate/Redis/Connectors/PhpRedisConnector.php:80)
[stacktrace]
#0 /var/www/html/vendor/laravel/framework/src/Illuminate/Redis/Connectors/PhpRedisConnector.php(34): Illuminate\\Redis\\Connectors\\PhpRedisConnector->createClient(Array)
#1 /var/www/html/vendor/laravel/framework/src/Illuminate/Redis/Connectors/PhpRedisConnector.php(39): Illuminate\\Redis\\Connectors\\PhpRedisConnector->Illuminate\\Redis\\Connectors\\{closure}()
#2 /var/www/html/vendor/laravel/framework/src/Illuminate/Redis/RedisManager.php(111): Illuminate\\Redis\\Connectors\\PhpRedisConnector->connect(Array, Array)
#3 /var/www/html/vendor/laravel/framework/src/Illuminate/Redis/RedisManager.php(92): Illuminate\\Redis\\RedisManager->resolve('default')
#4 /var/www/html/vendor/laravel/framework/src/Illuminate/Cache/RedisStore.php(377): Illuminate\\Redis\\RedisManager->connection('default')
#5 /var/www/html/vendor/laravel/framework/src/Illuminate/Cache/RedisStore.php(80): Illuminate\\Cache\\RedisStore->connection()
#6 /var/www/html/vendor/laravel/framework/src/Illuminate/Cache/Repository.php(125): Illuminate\\Cache\\RedisStore->get('NSDTkSEdpiMSAuu...')
#7 /var/www/html/vendor/laravel/framework/src/Illuminate/Session/CacheBasedSessionHandler.php(63): Illuminate\\Cache\\Repository->get('NSDTkSEdpiMSAuu...', '')
#8 /var/www/html/vendor/laravel/framework/src/Illuminate/Session/Store.php(128): Illuminate\\Session\\CacheBasedSessionHandler->read('NSDTkSEdpiMSAuu...')
#9 /var/www/html/vendor/laravel/framework/src/Illuminate/Session/Store.php(116): Illuminate\\Session\\Store->readFromHandler()
#10 /var/www/html/vendor/laravel/framework/src/Illuminate/Session/Store.php(100): Illuminate\\Session\\Store->loadSession()
#11 /var/www/html/vendor/laravel/framework/src/Illuminate/Session/Middleware/StartSession.php(146): Illuminate\\Session\\Store->start()
#12 /var/www/html/vendor/laravel/framework/src/Illuminate/Support/helpers.php(393): Illuminate\\Session\\Middleware\\StartSession->Illuminate\\Session\\Middleware\\{closure}(Object(Illuminate\\Session\\Store))
#13 /var/www/html/vendor/laravel/framework/src/Illuminate/Session/Middleware/StartSession.php(143): tap(Object(Illuminate\\Session\\Store), Object(Closure))
#14 /var/www/html/vendor/laravel/framework/src/Illuminate/Session/Middleware/StartSession.php(115): Illuminate\\Session\\Middleware\\StartSession->startSession(Object(Illuminate\\Http\\Request), Object(Illuminate\\Session\\Store))
#15 /var/www/html/vendor/laravel/framework/src/Illuminate/Session/Middleware/StartSession.php(63): Illuminate\\Session\\Middleware\\StartSession->handleStatefulRequest(Object(Illuminate\\Http\\Request), Object(Illuminate\\Session\\Store), Object(Closure))
#16 /var/www/html/vendor/laravel/framework/src/Illuminate/Pipeline/Pipeline.php(219): Illuminate\\Session\\Middleware\\StartSession->handle(Object(Illuminate\\Http\\Request), Object(Closure))
#17 /var/www/html/vendor/laravel/framework/src/Illuminate/Cookie/Middleware/AddQueuedCookiesToResponse.php(36): Illuminate\\Pipeline\\Pipeline->Illuminate\\Pipeline\\{closure}(Object(Illuminate\\Http\\Request))
#18 /var/www/html/vendor/laravel/framework/src/Illuminate/Pipeline/Pipeline.php(219): Illuminate\\Cookie\\Middleware\\AddQueuedCookiesToResponse->handle(Object(Illuminate\\Http\\Request), Object(Closure))
#19 /var/www/html/vendor/laravel/framework/src/Illuminate/Cookie/Middleware/EncryptCookies.php(74): Illuminate\\Pipeline\\Pipeline->Illuminate\\Pipeline\\{closure}(Object(Illuminate\\Http\\Request))
#20 /var/www/html/vendor/laravel/framework/src/Illuminate/Pipeline/Pipeline.php(219): Illuminate\\Cookie\\Middleware\\EncryptCookies->handle(Object(Illuminate\\Http\\Request), Object(Closure))
#21 /var/www/html/vendor/laravel/framework/src/Illuminate/Pipeline/Pipeline.php(137): Illuminate\\Pipeline\\Pipeline->Illuminate\\Pipeline\\{closure}(Object(Illuminate\\Http\\Request))
#22 /var/www/html/vendor/laravel/framework/src/Illuminate/Routing/Router.php(821): Illuminate\\Pipeline\\Pipeline->then(Object(Closure))
#23 /var/www/html/vendor/laravel/framework/src/Illuminate/Routing/Router.php(800): Illuminate\\Routing\\Router->runRouteWithinStack(Object(Illuminate\\Routing\\Route), Object(Illuminate\\Http\\Request))
#24 /var/www/html/vendor/laravel/framework/src/Illuminate/Routing/Router.php(764): Illuminate\\Routing\\Router->runRoute(Object(Illuminate\\Http\\Request), Object(Illuminate\\Routing\\Route))
#25 /var/www/html/vendor/laravel/framework/src/Illuminate/Routing/Router.php(753): Illuminate\\Routing\\Router->dispatchToRoute(Object(Illuminate\\Http\\Request))
#26 /var/www/html/vendor/laravel/framework/src/Illuminate/Foundation/Http/Kernel.php(200): Illuminate\\Routing\\Router->dispatch(Object(Illuminate\\Http\\Request))
#27 /var/www/html/vendor/laravel/framework/src/Illuminate/Pipeline/Pipeline.php(180): Illuminate\\Foundation\\Http\\Kernel->Illuminate\\Foundation\\Http\\{closure}(Object(Illuminate\\Http\\Request))
#28 /var/www/html/vendor/laravel/framework/src/Illuminate/Foundation/Http/Middleware/TransformsRequest.php(21): Illuminate\\Pipeline\\Pipeline->Illuminate\\Pipeline\\{closure}(Object(Illuminate\\Http\\Request))
#29 /var/www/html/vendor/laravel/framework/src/Illuminate/Foundation/Http/Middleware/ConvertEmptyStringsToNull.php(31): Illuminate\\Foundation\\Http\\Middleware\\TransformsRequest->handle(Object(Illuminate\\Http\\Request), Object(Closure))
#30 /var/www/html/vendor/laravel/framework/src/Illuminate/Pipeline/Pipeline.php(219): Illuminate\\Foundation\\Http\\Middleware\\ConvertEmptyStringsToNull->handle(Object(Illuminate\\Http\\Request), Object(Closure))
#31 /var/www/html/vendor/laravel/framework/src/Illuminate/Foundation/Http/Middleware/TransformsRequest.php(21): Illuminate\\Pipeline\\Pipeline->Illuminate\\Pipeline\\{closure}(Object(Illuminate\\Http\\Request))
#32 /var/www/html/vendor/laravel/framework/src/Illuminate/Foundation/Http/Middleware/TrimStrings.php(51): Illuminate\\Foundation\\Http\\Middleware\\TransformsRequest->handle(Object(Illuminate\\Http\\Request), Object(Closure))
#33 /var/www/html/vendor/laravel/framework/src/Illuminate/Pipeline/Pipeline.php(219): Illuminate\\Foundation\\Http\\Middleware\\TrimStrings->handle(Object(Illuminate\\Http\\Request), Object(Closure))
#34 /var/www/html/vendor/laravel/framework/src/Illuminate/Http/Middleware/ValidatePostSize.php(27): Illuminate\\Pipeline\\Pipeline->Illuminate\\Pipeline\\{closure}(Object(Illuminate\\Http\\Request))
#35 /var/www/html/vendor/laravel/framework/src/Illuminate/Pipeline/Pipeline.php(219): Illuminate\\Http\\Middleware\\ValidatePostSize->handle(Object(Illuminate\\Http\\Request), Object(Closure))
#36 /var/www/html/vendor/laravel/framework/src/Illuminate/Foundation/Http/Middleware/PreventRequestsDuringMaintenance.php(109): Illuminate\\Pipeline\\Pipeline->Illuminate\\Pipeline\\{closure}(Object(Illuminate\\Http\\Request))
#37 /var/www/html/vendor/laravel/framework/src/Illuminate/Pipeline/Pipeline.php(219): Illuminate\\Foundation\\Http\\Middleware\\PreventRequestsDuringMaintenance->handle(Object(Illuminate\\Http\\Request), Object(Closure))
#38 /var/www/html/vendor/laravel/framework/src/Illuminate/Http/Middleware/HandleCors.php(61): Illuminate\\Pipeline\\Pipeline->Illuminate\\Pipeline\\{closure}(Object(Illuminate\\Http\\Request))
#39 /var/www/html/vendor/laravel/framework/src/Illuminate/Pipeline/Pipeline.php(219): Illuminate\\Http\\Middleware\\HandleCors->handle(Object(Illuminate\\Http\\Request), Object(Closure))
#40 /var/www/html/vendor/laravel/framework/src/Illuminate/Http/Middleware/TrustProxies.php(58): Illuminate\\Pipeline\\Pipeline->Illuminate\\Pipeline\\{closure}(Object(Illuminate\\Http\\Request))
#41 /var/www/html/vendor/laravel/framework/src/Illuminate/Pipeline/Pipeline.php(219): Illuminate\\Http\\Middleware\\TrustProxies->handle(Object(Illuminate\\Http\\Request), Object(Closure))
#42 /var/www/html/vendor/laravel/framework/src/Illuminate/Foundation/Http/Middleware/InvokeDeferredCallbacks.php(22): Illuminate\\Pipeline\\Pipeline->Illuminate\\Pipeline\\{closure}(Object(Illuminate\\Http\\Request))
#43 /var/www/html/vendor/laravel/framework/src/Illuminate/Pipeline/Pipeline.php(219): Illuminate\\Foundation\\Http\\Middleware\\InvokeDeferredCallbacks->handle(Object(Illuminate\\Http\\Request), Object(Closure))
#44 /var/www/html/vendor/laravel/framework/src/Illuminate/Http/Middleware/ValidatePathEncoding.php(26): Illuminate\\Pipeline\\Pipeline->Illuminate\\Pipeline\\{closure}(Object(Illuminate\\Http\\Request))
#45 /var/www/html/vendor/laravel/framework/src/Illuminate/Pipeline/Pipeline.php(219): Illuminate\\Http\\Middleware\\ValidatePathEncoding->handle(Object(Illuminate\\Http\\Request), Object(Closure))
#46 /var/www/html/vendor/laravel/framework/src/Illuminate/Pipeline/Pipeline.php(137): Illuminate\\Pipeline\\Pipeline->Illuminate\\Pipeline\\{closure}(Object(Illuminate\\Http\\Request))
#47 /var/www/html/vendor/laravel/framework/src/Illuminate/Foundation/Http/Kernel.php(175): Illuminate\\Pipeline\\Pipeline->then(Object(Closure))
#48 /var/www/html/vendor/laravel/framework/src/Illuminate/Foundation/Http/Kernel.php(144): Illuminate\\Foundation\\Http\\Kernel->sendRequestThroughRouter(Object(Illuminate\\Http\\Request))
#49 /var/www/html/vendor/laravel/framework/src/Illuminate/Foundation/Application.php(1220): Illuminate\\Foundation\\Http\\Kernel->handle(Object(Illuminate\\Http\\Request))
#50 /var/www/html/public/index.php(17): Illuminate\\Foundation\\Application->handleRequest(Object(Illuminate\\Http\\Request))
#51 {main}
"} 
[2026-05-27 18:20:50] local.ERROR: PHP Request Shutdown: Can't connect to 127.0.0.1,993: Connection refused (errflg=2) {"userId":1,"exception":"[object] (ErrorException(code: 0): PHP Request Shutdown: Can't connect to 127.0.0.1,993: Connection refused (errflg=2) at Unknown:0)
[stacktrace]
#0 /var/www/html/vendor/laravel/framework/src/Illuminate/Foundation/Bootstrap/HandleExceptions.php(258): Illuminate\\Foundation\\Bootstrap\\HandleExceptions->handleError(8, 'PHP Request Shu...', 'Unknown', 0)
#1 [internal function]: Illuminate\\Foundation\\Bootstrap\\HandleExceptions->Illuminate\\Foundation\\Bootstrap\\{closure}(8, 'PHP Request Shu...', 'Unknown', 0)
#2 {main}
"} 
[2026-05-27 18:21:00] local.ERROR: PHP Request Shutdown: Can't connect to 127.0.0.1,993: Connection refused (errflg=2) {"userId":1,"exception":"[object] (ErrorException(code: 0): PHP Request Shutdown: Can't connect to 127.0.0.1,993: Connection refused (errflg=2) at Unknown:0)
[stacktrace]
#0 /var/www/html/vendor/laravel/framework/src/Illuminate/Foundation/Bootstrap/HandleExceptions.php(258): Illuminate\\Foundation\\Bootstrap\\HandleExceptions->handleError(8, 'PHP Request Shu...', 'Unknown', 0)
#1 [internal function]: Illuminate\\Foundation\\Bootstrap\\HandleExceptions->Illuminate\\Foundation\\Bootstrap\\{closure}(8, 'PHP Request Shu...', 'Unknown', 0)
#2 {main}
"} 
[2026-05-27 18:21:18] local.ERROR: PHP Request Shutdown: Can't connect to 127.0.0.1,993: Connection refused (errflg=2) {"userId":1,"exception":"[object] (ErrorException(code: 0): PHP Request Shutdown: Can't connect to 127.0.0.1,993: Connection refused (errflg=2) at Unknown:0)
[stacktrace]
#0 /var/www/html/vendor/laravel/framework/src/Illuminate/Foundation/Bootstrap/HandleExceptions.php(258): Illuminate\\Foundation\\Bootstrap\\HandleExceptions->handleError(8, 'PHP Request Shu...', 'Unknown', 0)
#1 [internal function]: Illuminate\\Foundation\\Bootstrap\\HandleExceptions->Illuminate\\Foundation\\Bootstrap\\{closure}(8, 'PHP Request Shu...', 'Unknown', 0)
#2 {main}
"} 
[2026-05-27 18:21:41] local.ERROR: PHP Request Shutdown: Can't connect to 127.0.0.1,993: Connection refused (errflg=2) {"userId":1,"exception":"[object] (ErrorException(code: 0): PHP Request Shutdown: Can't connect to 127.0.0.1,993: Connection refused (errflg=2) at Unknown:0)
[stacktrace]
#0 /var/www/html/vendor/laravel/framework/src/Illuminate/Foundation/Bootstrap/HandleExceptions.php(258): Illuminate\\Foundation\\Bootstrap\\HandleExceptions->handleError(8, 'PHP Request Shu...', 'Unknown', 0)
#1 [internal function]: Illuminate\\Foundation\\Bootstrap\\HandleExceptions->Illuminate\\Foundation\\Bootstrap\\{closure}(8, 'PHP Request Shu...', 'Unknown', 0)
#2 {main}
"} 
[2026-05-27 18:26:10] local.ERROR: PHP Request Shutdown: Can't connect to 127.0.0.1,993: Connection refused (errflg=2) {"userId":1,"exception":"[object] (ErrorException(code: 0): PHP Request Shutdown: Can't connect to 127.0.0.1,993: Connection refused (errflg=2) at Unknown:0)
[stacktrace]
#0 /var/www/html/vendor/laravel/framework/src/Illuminate/Foundation/Bootstrap/HandleExceptions.php(258): Illuminate\\Foundation\\Bootstrap\\HandleExceptions->handleError(8, 'PHP Request Shu...', 'Unknown', 0)
#1 [internal function]: Illuminate\\Foundation\\Bootstrap\\HandleExceptions->Illuminate\\Foundation\\Bootstrap\\{closure}(8, 'PHP Request Shu...', 'Unknown', 0)
#2 {main}
"} 
[2026-05-27 18:27:12] local.ERROR: PHP Request Shutdown: Can't connect to 127.0.0.1,993: Connection refused (errflg=2) {"userId":1,"exception":"[object] (ErrorException(code: 0): PHP Request Shutdown: Can't connect to 127.0.0.1,993: Connection refused (errflg=2) at Unknown:0)
[stacktrace]
#0 /var/www/html/vendor/laravel/framework/src/Illuminate/Foundation/Bootstrap/HandleExceptions.php(258): Illuminate\\Foundation\\Bootstrap\\HandleExceptions->handleError(8, 'PHP Request Shu...', 'Unknown', 0)
#1 [internal function]: Illuminate\\Foundation\\Bootstrap\\HandleExceptions->Illuminate\\Foundation\\Bootstrap\\{closure}(8, 'PHP Request Shu...', 'Unknown', 0)
#2 {main}
"} 
[2026-05-27 18:27:13] local.ERROR: PHP Request Shutdown: Can't connect to 127.0.0.1,993: Connection refused (errflg=2) {"userId":1,"exception":"[object] (ErrorException(code: 0): PHP Request Shutdown: Can't connect to 127.0.0.1,993: Connection refused (errflg=2) at Unknown:0)
[stacktrace]
#0 /var/www/html/vendor/laravel/framework/src/Illuminate/Foundation/Bootstrap/HandleExceptions.php(258): Illuminate\\Foundation\\Bootstrap\\HandleExceptions->handleError(8, 'PHP Request Shu...', 'Unknown', 0)
#1 [internal function]: Illuminate\\Foundation\\Bootstrap\\HandleExceptions->Illuminate\\Foundation\\Bootstrap\\{closure}(8, 'PHP Request Shu...', 'Unknown', 0)
#2 {main}
"} 
[2026-05-27 18:29:23] local.ERROR: PHP Request Shutdown: Can't connect to 127.0.0.1,993: Connection refused (errflg=2) {"userId":1,"exception":"[object] (ErrorException(code: 0): PHP Request Shutdown: Can't connect to 127.0.0.1,993: Connection refused (errflg=2) at Unknown:0)
[stacktrace]
#0 /var/www/html/vendor/laravel/framework/src/Illuminate/Foundation/Bootstrap/HandleExceptions.php(258): Illuminate\\Foundation\\Bootstrap\\HandleExceptions->handleError(8, 'PHP Request Shu...', 'Unknown', 0)
#1 [internal function]: Illuminate\\Foundation\\Bootstrap\\HandleExceptions->Illuminate\\Foundation\\Bootstrap\\{closure}(8, 'PHP Request Shu...', 'Unknown', 0)
#2 {main}
"} 
[2026-05-27 18:29:25] local.ERROR: PHP Request Shutdown: Can't connect to 127.0.0.1,993: Connection refused (errflg=2) {"userId":1,"exception":"[object] (ErrorException(code: 0): PHP Request Shutdown: Can't connect to 127.0.0.1,993: Connection refused (errflg=2) at Unknown:0)
[stacktrace]
#0 /var/www/html/vendor/laravel/framework/src/Illuminate/Foundation/Bootstrap/HandleExceptions.php(258): Illuminate\\Foundation\\Bootstrap\\HandleExceptions->handleError(8, 'PHP Request Shu...', 'Unknown', 0)
#1 [internal function]: Illuminate\\Foundation\\Bootstrap\\HandleExceptions->Illuminate\\Foundation\\Bootstrap\\{closure}(8, 'PHP Request Shu...', 'Unknown', 0)
#2 {main}
"} 
[2026-05-27 18:29:26] local.ERROR: PHP Request Shutdown: Can't connect to 127.0.0.1,993: Connection refused (errflg=2) {"userId":1,"exception":"[object] (ErrorException(code: 0): PHP Request Shutdown: Can't connect to 127.0.0.1,993: Connection refused (errflg=2) at Unknown:0)
[stacktrace]
#0 /var/www/html/vendor/laravel/framework/src/Illuminate/Foundation/Bootstrap/HandleExceptions.php(258): Illuminate\\Foundation\\Bootstrap\\HandleExceptions->handleError(8, 'PHP Request Shu...', 'Unknown', 0)
#1 [internal function]: Illuminate\\Foundation\\Bootstrap\\HandleExceptions->Illuminate\\Foundation\\Bootstrap\\{closure}(8, 'PHP Request Shu...', 'Unknown', 0)
#2 {main}
"} 
[2026-05-27 18:29:27] local.ERROR: PHP Request Shutdown: Can't connect to 127.0.0.1,993: Connection refused (errflg=2) {"userId":1,"exception":"[object] (ErrorException(code: 0): PHP Request Shutdown: Can't connect to 127.0.0.1,993: Connection refused (errflg=2) at Unknown:0)
[stacktrace]
#0 /var/www/html/vendor/laravel/framework/src/Illuminate/Foundation/Bootstrap/HandleExceptions.php(258): Illuminate\\Foundation\\Bootstrap\\HandleExceptions->handleError(8, 'PHP Request Shu...', 'Unknown', 0)
#1 [internal function]: Illuminate\\Foundation\\Bootstrap\\HandleExceptions->Illuminate\\Foundation\\Bootstrap\\{closure}(8, 'PHP Request Shu...', 'Unknown', 0)
#2 {main}
"} 
[2026-05-27 18:29:30] local.ERROR: PHP Request Shutdown: Can't connect to 127.0.0.1,993: Connection refused (errflg=2) {"userId":1,"exception":"[object] (ErrorException(code: 0): PHP Request Shutdown: Can't connect to 127.0.0.1,993: Connection refused (errflg=2) at Unknown:0)
[stacktrace]
#0 /var/www/html/vendor/laravel/framework/src/Illuminate/Foundation/Bootstrap/HandleExceptions.php(258): Illuminate\\Foundation\\Bootstrap\\HandleExceptions->handleError(8, 'PHP Request Shu...', 'Unknown', 0)
#1 [internal function]: Illuminate\\Foundation\\Bootstrap\\HandleExceptions->Illuminate\\Foundation\\Bootstrap\\{closure}(8, 'PHP Request Shu...', 'Unknown', 0)
#2 {main}
"} 
[2026-05-27 18:29:31] local.ERROR: PHP Request Shutdown: Can't connect to 127.0.0.1,993: Connection refused (errflg=2) {"userId":1,"exception":"[object] (ErrorException(code: 0): PHP Request Shutdown: Can't connect to 127.0.0.1,993: Connection refused (errflg=2) at Unknown:0)
[stacktrace]
#0 /var/www/html/vendor/laravel/framework/src/Illuminate/Foundation/Bootstrap/HandleExceptions.php(258): Illuminate\\Foundation\\Bootstrap\\HandleExceptions->handleError(8, 'PHP Request Shu...', 'Unknown', 0)
#1 [internal function]: Illuminate\\Foundation\\Bootstrap\\HandleExceptions->Illuminate\\Foundation\\Bootstrap\\{closure}(8, 'PHP Request Shu...', 'Unknown', 0)
#2 {main}
"} 
[2026-05-27 18:29:35] local.ERROR: PHP Request Shutdown: Can't connect to 127.0.0.1,993: Connection refused (errflg=2) {"userId":1,"exception":"[object] (ErrorException(code: 0): PHP Request Shutdown: Can't connect to 127.0.0.1,993: Connection refused (errflg=2) at Unknown:0)
[stacktrace]
#0 /var/www/html/vendor/laravel/framework/src/Illuminate/Foundation/Bootstrap/HandleExceptions.php(258): Illuminate\\Foundation\\Bootstrap\\HandleExceptions->handleError(8, 'PHP Request Shu...', 'Unknown', 0)
#1 [internal function]: Illuminate\\Foundation\\Bootstrap\\HandleExceptions->Illuminate\\Foundation\\Bootstrap\\{closure}(8, 'PHP Request Shu...', 'Unknown', 0)
#2 {main}
"} 
[2026-05-27 18:29:36] local.ERROR: PHP Request Shutdown: Can't connect to 127.0.0.1,993: Connection refused (errflg=2) {"userId":1,"exception":"[object] (ErrorException(code: 0): PHP Request Shutdown: Can't connect to 127.0.0.1,993: Connection refused (errflg=2) at Unknown:0)
[stacktrace]
#0 /var/www/html/vendor/laravel/framework/src/Illuminate/Foundation/Bootstrap/HandleExceptions.php(258): Illuminate\\Foundation\\Bootstrap\\HandleExceptions->handleError(8, 'PHP Request Shu...', 'Unknown', 0)
#1 [internal function]: Illuminate\\Foundation\\Bootstrap\\HandleExceptions->Illuminate\\Foundation\\Bootstrap\\{closure}(8, 'PHP Request Shu...', 'Unknown', 0)
#2 {main}
"} 
[2026-05-27 18:29:37] local.ERROR: PHP Request Shutdown: Can't connect to 127.0.0.1,993: Connection refused (errflg=2) {"userId":1,"exception":"[object] (ErrorException(code: 0): PHP Request Shutdown: Can't connect to 127.0.0.1,993: Connection refused (errflg=2) at Unknown:0)
[stacktrace]
#0 /var/www/html/vendor/laravel/framework/src/Illuminate/Foundation/Bootstrap/HandleExceptions.php(258): Illuminate\\Foundation\\Bootstrap\\HandleExceptions->handleError(8, 'PHP Request Shu...', 'Unknown', 0)
#1 [internal function]: Illuminate\\Foundation\\Bootstrap\\HandleExceptions->Illuminate\\Foundation\\Bootstrap\\{closure}(8, 'PHP Request Shu...', 'Unknown', 0)
#2 {main}
"} 
[2026-05-27 18:29:37] local.ERROR: PHP Request Shutdown: Can't connect to 127.0.0.1,993: Connection refused (errflg=2) {"userId":1,"exception":"[object] (ErrorException(code: 0): PHP Request Shutdown: Can't connect to 127.0.0.1,993: Connection refused (errflg=2) at Unknown:0)
[stacktrace]
#0 /var/www/html/vendor/laravel/framework/src/Illuminate/Foundation/Bootstrap/HandleExceptions.php(258): Illuminate\\Foundation\\Bootstrap\\HandleExceptions->handleError(8, 'PHP Request Shu...', 'Unknown', 0)
#1 [internal function]: Illuminate\\Foundation\\Bootstrap\\HandleExceptions->Illuminate\\Foundation\\Bootstrap\\{closure}(8, 'PHP Request Shu...', 'Unknown', 0)
#2 {main}
"} 
[2026-05-27 18:29:38] local.ERROR: PHP Request Shutdown: Can't connect to 127.0.0.1,993: Connection refused (errflg=2) {"userId":1,"exception":"[object] (ErrorException(code: 0): PHP Request Shutdown: Can't connect to 127.0.0.1,993: Connection refused (errflg=2) at Unknown:0)
[stacktrace]
#0 /var/www/html/vendor/laravel/framework/src/Illuminate/Foundation/Bootstrap/HandleExceptions.php(258): Illuminate\\Foundation\\Bootstrap\\HandleExceptions->handleError(8, 'PHP Request Shu...', 'Unknown', 0)
#1 [internal function]: Illuminate\\Foundation\\Bootstrap\\HandleExceptions->Illuminate\\Foundation\\Bootstrap\\{closure}(8, 'PHP Request Shu...', 'Unknown', 0)
#2 {main}
"} 
[2026-05-27 18:29:38] local.ERROR: PHP Request Shutdown: Can't connect to 127.0.0.1,993: Connection refused (errflg=2) {"userId":1,"exception":"[object] (ErrorException(code: 0): PHP Request Shutdown: Can't connect to 127.0.0.1,993: Connection refused (errflg=2) at Unknown:0)
[stacktrace]
#0 /var/www/html/vendor/laravel/framework/src/Illuminate/Foundation/Bootstrap/HandleExceptions.php(258): Illuminate\\Foundation\\Bootstrap\\HandleExceptions->handleError(8, 'PHP Request Shu...', 'Unknown', 0)
#1 [internal function]: Illuminate\\Foundation\\Bootstrap\\HandleExceptions->Illuminate\\Foundation\\Bootstrap\\{closure}(8, 'PHP Request Shu...', 'Unknown', 0)
#2 {main}
"} 
[2026-05-27 18:30:31] local.ERROR: PHP Request Shutdown: Can't connect to 127.0.0.1,993: Connection refused (errflg=2) {"userId":1,"exception":"[object] (ErrorException(code: 0): PHP Request Shutdown: Can't connect to 127.0.0.1,993: Connection refused (errflg=2) at Unknown:0)
[stacktrace]
#0 /var/www/html/vendor/laravel/framework/src/Illuminate/Foundation/Bootstrap/HandleExceptions.php(258): Illuminate\\Foundation\\Bootstrap\\HandleExceptions->handleError(8, 'PHP Request Shu...', 'Unknown', 0)
#1 [internal function]: Illuminate\\Foundation\\Bootstrap\\HandleExceptions->Illuminate\\Foundation\\Bootstrap\\{closure}(8, 'PHP Request Shu...', 'Unknown', 0)
#2 {main}
"} 
[2026-05-27 18:30:34] local.ERROR: PHP Request Shutdown: Can't connect to 127.0.0.1,993: Connection refused (errflg=2) {"userId":1,"exception":"[object] (ErrorException(code: 0): PHP Request Shutdown: Can't connect to 127.0.0.1,993: Connection refused (errflg=2) at Unknown:0)
[stacktrace]
#0 /var/www/html/vendor/laravel/framework/src/Illuminate/Foundation/Bootstrap/HandleExceptions.php(258): Illuminate\\Foundation\\Bootstrap\\HandleExceptions->handleError(8, 'PHP Request Shu...', 'Unknown', 0)
#1 [internal function]: Illuminate\\Foundation\\Bootstrap\\HandleExceptions->Illuminate\\Foundation\\Bootstrap\\{closure}(8, 'PHP Request Shu...', 'Unknown', 0)
#2 {main}
"} 
[2026-05-27 18:33:35] local.ERROR: PHP Request Shutdown: Can't connect to 127.0.0.1,993: Connection refused (errflg=2) {"userId":1,"exception":"[object] (ErrorException(code: 0): PHP Request Shutdown: Can't connect to 127.0.0.1,993: Connection refused (errflg=2) at Unknown:0)
[stacktrace]
#0 /var/www/html/vendor/laravel/framework/src/Illuminate/Foundation/Bootstrap/HandleExceptions.php(258): Illuminate\\Foundation\\Bootstrap\\HandleExceptions->handleError(8, 'PHP Request Shu...', 'Unknown', 0)
#1 [internal function]: Illuminate\\Foundation\\Bootstrap\\HandleExceptions->Illuminate\\Foundation\\Bootstrap\\{closure}(8, 'PHP Request Shu...', 'Unknown', 0)
#2 {main}
"} 
[2026-05-27 18:34:35] local.ERROR: PHP Request Shutdown: Can't connect to 127.0.0.1,993: Connection refused (errflg=2) {"userId":1,"exception":"[object] (ErrorException(code: 0): PHP Request Shutdown: Can't connect to 127.0.0.1,993: Connection refused (errflg=2) at Unknown:0)
[stacktrace]
#0 /var/www/html/vendor/laravel/framework/src/Illuminate/Foundation/Bootstrap/HandleExceptions.php(258): Illuminate\\Foundation\\Bootstrap\\HandleExceptions->handleError(8, 'PHP Request Shu...', 'Unknown', 0)
#1 [internal function]: Illuminate\\Foundation\\Bootstrap\\HandleExceptions->Illuminate\\Foundation\\Bootstrap\\{closure}(8, 'PHP Request Shu...', 'Unknown', 0)
#2 {main}
"} 
[2026-05-27 18:36:56] local.ERROR: PHP Request Shutdown: Can't connect to mail,993: Connection refused (errflg=2) {"userId":1,"exception":"[object] (ErrorException(code: 0): PHP Request Shutdown: Can't connect to mail,993: Connection refused (errflg=2) at Unknown:0)
[stacktrace]
#0 /var/www/html/vendor/laravel/framework/src/Illuminate/Foundation/Bootstrap/HandleExceptions.php(258): Illuminate\\Foundation\\Bootstrap\\HandleExceptions->handleError(8, 'PHP Request Shu...', 'Unknown', 0)
#1 [internal function]: Illuminate\\Foundation\\Bootstrap\\HandleExceptions->Illuminate\\Foundation\\Bootstrap\\{closure}(8, 'PHP Request Shu...', 'Unknown', 0)
#2 {main}
"} 
[2026-05-27 18:37:36] local.ERROR: PHP Request Shutdown: Can't connect to mail,993: Connection refused (errflg=2) {"userId":1,"exception":"[object] (ErrorException(code: 0): PHP Request Shutdown: Can't connect to mail,993: Connection refused (errflg=2) at Unknown:0)
[stacktrace]
#0 /var/www/html/vendor/laravel/framework/src/Illuminate/Foundation/Bootstrap/HandleExceptions.php(258): Illuminate\\Foundation\\Bootstrap\\HandleExceptions->handleError(8, 'PHP Request Shu...', 'Unknown', 0)
#1 [internal function]: Illuminate\\Foundation\\Bootstrap\\HandleExceptions->Illuminate\\Foundation\\Bootstrap\\{closure}(8, 'PHP Request Shu...', 'Unknown', 0)
#2 {main}
"} 
[2026-05-27 18:39:48] local.ERROR: Uncaught RuntimeException: IMAP connection failed: Can not authenticate to IMAP server: [AUTHENTICATIONFAILED] Authentication failed. in /var/www/html/app/Services/Mail/ImapService.php:32
Stack trace:
#0 /var/www/html/app/Services/Mail/ImapService.php(186): App\Services\Mail\ImapService->connect()
#1 Command line code(1): App\Services\Mail\ImapService->getFolders()
#2 {main}
  thrown {"exception":"[object] (Symfony\\Component\\ErrorHandler\\Error\\FatalError(code: 0): Uncaught RuntimeException: IMAP connection failed: Can not authenticate to IMAP server: [AUTHENTICATIONFAILED] Authentication failed. in /var/www/html/app/Services/Mail/ImapService.php:32
Stack trace:
#0 /var/www/html/app/Services/Mail/ImapService.php(186): App\\Services\\Mail\\ImapService->connect()
#1 Command line code(1): App\\Services\\Mail\\ImapService->getFolders()
#2 {main}
  thrown at /var/www/html/app/Services/Mail/ImapService.php:32)
[stacktrace]
#0 {main}
"} 
[2026-05-27 18:39:48] local.ERROR: PHP Request Shutdown: Retrying PLAIN authentication after [AUTHENTICATIONFAILED] Authentication failed. (errflg=1) {"exception":"[object] (ErrorException(code: 0): PHP Request Shutdown: Retrying PLAIN authentication after [AUTHENTICATIONFAILED] Authentication failed. (errflg=1) at Unknown:0)
[stacktrace]
#0 /var/www/html/vendor/laravel/framework/src/Illuminate/Foundation/Bootstrap/HandleExceptions.php(258): Illuminate\\Foundation\\Bootstrap\\HandleExceptions->handleError(8, 'PHP Request Shu...', 'Unknown', 0)
#1 [internal function]: Illuminate\\Foundation\\Bootstrap\\HandleExceptions->Illuminate\\Foundation\\Bootstrap\\{closure}(8, 'PHP Request Shu...', 'Unknown', 0)
#2 {main}
"} 
[2026-05-27 18:40:07] local.ERROR: PHP Request Shutdown: Retrying PLAIN authentication after [AUTHENTICATIONFAILED] Authentication failed. (errflg=1) {"userId":1,"exception":"[object] (ErrorException(code: 0): PHP Request Shutdown: Retrying PLAIN authentication after [AUTHENTICATIONFAILED] Authentication failed. (errflg=1) at Unknown:0)
[stacktrace]
#0 /var/www/html/vendor/laravel/framework/src/Illuminate/Foundation/Bootstrap/HandleExceptions.php(258): Illuminate\\Foundation\\Bootstrap\\HandleExceptions->handleError(8, 'PHP Request Shu...', 'Unknown', 0)
#1 [internal function]: Illuminate\\Foundation\\Bootstrap\\HandleExceptions->Illuminate\\Foundation\\Bootstrap\\{closure}(8, 'PHP Request Shu...', 'Unknown', 0)
#2 {main}
"} 
[2026-05-27 18:40:09] local.ERROR: PHP Request Shutdown: Retrying PLAIN authentication after [AUTHENTICATIONFAILED] Authentication failed. (errflg=1) {"userId":1,"exception":"[object] (ErrorException(code: 0): PHP Request Shutdown: Retrying PLAIN authentication after [AUTHENTICATIONFAILED] Authentication failed. (errflg=1) at Unknown:0)
[stacktrace]
#0 /var/www/html/vendor/laravel/framework/src/Illuminate/Foundation/Bootstrap/HandleExceptions.php(258): Illuminate\\Foundation\\Bootstrap\\HandleExceptions->handleError(8, 'PHP Request Shu...', 'Unknown', 0)
#1 [internal function]: Illuminate\\Foundation\\Bootstrap\\HandleExceptions->Illuminate\\Foundation\\Bootstrap\\{closure}(8, 'PHP Request Shu...', 'Unknown', 0)
#2 {main}
"} 
[2026-05-27 18:40:10] local.ERROR: PHP Request Shutdown: Retrying PLAIN authentication after [AUTHENTICATIONFAILED] Authentication failed. (errflg=1) {"userId":1,"exception":"[object] (ErrorException(code: 0): PHP Request Shutdown: Retrying PLAIN authentication after [AUTHENTICATIONFAILED] Authentication failed. (errflg=1) at Unknown:0)
[stacktrace]
#0 /var/www/html/vendor/laravel/framework/src/Illuminate/Foundation/Bootstrap/HandleExceptions.php(258): Illuminate\\Foundation\\Bootstrap\\HandleExceptions->handleError(8, 'PHP Request Shu...', 'Unknown', 0)
#1 [internal function]: Illuminate\\Foundation\\Bootstrap\\HandleExceptions->Illuminate\\Foundation\\Bootstrap\\{closure}(8, 'PHP Request Shu...', 'Unknown', 0)
#2 {main}
"} 
[2026-05-27 18:40:14] local.ERROR: PHP Request Shutdown: Retrying PLAIN authentication after [AUTHENTICATIONFAILED] Authentication failed. (errflg=1) {"userId":1,"exception":"[object] (ErrorException(code: 0): PHP Request Shutdown: Retrying PLAIN authentication after [AUTHENTICATIONFAILED] Authentication failed. (errflg=1) at Unknown:0)
[stacktrace]
#0 /var/www/html/vendor/laravel/framework/src/Illuminate/Foundation/Bootstrap/HandleExceptions.php(258): Illuminate\\Foundation\\Bootstrap\\HandleExceptions->handleError(8, 'PHP Request Shu...', 'Unknown', 0)
#1 [internal function]: Illuminate\\Foundation\\Bootstrap\\HandleExceptions->Illuminate\\Foundation\\Bootstrap\\{closure}(8, 'PHP Request Shu...', 'Unknown', 0)
#2 {main}
"} 
[2026-05-27 18:40:31] local.ERROR: PHP Request Shutdown: Retrying PLAIN authentication after [AUTHENTICATIONFAILED] Authentication failed. (errflg=1) {"userId":1,"exception":"[object] (ErrorException(code: 0): PHP Request Shutdown: Retrying PLAIN authentication after [AUTHENTICATIONFAILED] Authentication failed. (errflg=1) at Unknown:0)
[stacktrace]
#0 /var/www/html/vendor/laravel/framework/src/Illuminate/Foundation/Bootstrap/HandleExceptions.php(258): Illuminate\\Foundation\\Bootstrap\\HandleExceptions->handleError(8, 'PHP Request Shu...', 'Unknown', 0)
#1 [internal function]: Illuminate\\Foundation\\Bootstrap\\HandleExceptions->Illuminate\\Foundation\\Bootstrap\\{closure}(8, 'PHP Request Shu...', 'Unknown', 0)
#2 {main}
"} 
[2026-05-27 18:41:42] local.ERROR: Carbon\Carbon::rawAddUnit(): Argument #3 ($value) must be of type int|float, string given, called in /var/www/html/vendor/nesbot/carbon/src/Carbon/Traits/Units.php on line 356 {"exception":"[object] (TypeError(code: 0): Carbon\\Carbon::rawAddUnit(): Argument #3 ($value) must be of type int|float, string given, called in /var/www/html/vendor/nesbot/carbon/src/Carbon/Traits/Units.php on line 356 at /var/www/html/vendor/nesbot/carbon/src/Carbon/Traits/Units.php:458)
[stacktrace]
#0 /var/www/html/vendor/nesbot/carbon/src/Carbon/Traits/Units.php(356): Carbon\\Carbon::rawAddUnit(Object(Illuminate\\Support\\Carbon), 'second', '3600')
#1 /var/www/html/vendor/nesbot/carbon/src/Carbon/Traits/Date.php(2905): Carbon\\Carbon->addUnit('second', '3600', NULL)
#2 /var/www/html/vendor/nesbot/carbon/src/Carbon/Traits/Date.php(2596): Carbon\\Carbon->callModifierMethod('second', Array)
#3 /var/www/html/app/Http/Controllers/Auth/LoginController.php(77): Carbon\\Carbon->__call('addSeconds', Array)
#4 /var/www/html/vendor/laravel/framework/src/Illuminate/Routing/Controller.php(54): App\\Http\\Controllers\\Auth\\LoginController->login(Object(Illuminate\\Http\\Request))
#5 /var/www/html/vendor/laravel/framework/src/Illuminate/Routing/ControllerDispatcher.php(43): Illuminate\\Routing\\Controller->callAction('login', Array)
#6 /var/www/html/vendor/laravel/framework/src/Illuminate/Routing/Route.php(265): Illuminate\\Routing\\ControllerDispatcher->dispatch(Object(Illuminate\\Routing\\Route), Object(App\\Http\\Controllers\\Auth\\LoginController), 'login')
#7 /var/www/html/vendor/laravel/framework/src/Illuminate/Routing/Route.php(211): Illuminate\\Routing\\Route->runController()
#8 /var/www/html/vendor/laravel/framework/src/Illuminate/Routing/Router.php(822): Illuminate\\Routing\\Route->run()
#9 /var/www/html/vendor/laravel/framework/src/Illuminate/Pipeline/Pipeline.php(180): Illuminate\\Routing\\Router->Illuminate\\Routing\\{closure}(Object(Illuminate\\Http\\Request))
#10 /var/www/html/app/Http/Middleware/InstalledMiddleware.php(31): Illuminate\\Pipeline\\Pipeline->Illuminate\\Pipeline\\{closure}(Object(Illuminate\\Http\\Request))
#11 /var/www/html/vendor/laravel/framework/src/Illuminate/Pipeline/Pipeline.php(219): App\\Http\\Middleware\\InstalledMiddleware->handle(Object(Illuminate\\Http\\Request), Object(Closure))
#12 /var/www/html/vendor/laravel/framework/src/Illuminate/Routing/Middleware/SubstituteBindings.php(50): Illuminate\\Pipeline\\Pipeline->Illuminate\\Pipeline\\{closure}(Object(Illuminate\\Http\\Request))
#13 /var/www/html/vendor/laravel/framework/src/Illuminate/Pipeline/Pipeline.php(219): Illuminate\\Routing\\Middleware\\SubstituteBindings->handle(Object(Illuminate\\Http\\Request), Object(Closure))
#14 /var/www/html/vendor/laravel/framework/src/Illuminate/Foundation/Http/Middleware/VerifyCsrfToken.php(87): Illuminate\\Pipeline\\Pipeline->Illuminate\\Pipeline\\{closure}(Object(Illuminate\\Http\\Request))
#15 /var/www/html/vendor/laravel/framework/src/Illuminate/Pipeline/Pipeline.php(219): Illuminate\\Foundation\\Http\\Middleware\\VerifyCsrfToken->handle(Object(Illuminate\\Http\\Request), Object(Closure))
#16 /var/www/html/vendor/laravel/framework/src/Illuminate/View/Middleware/ShareErrorsFromSession.php(48): Illuminate\\Pipeline\\Pipeline->Illuminate\\Pipeline\\{closure}(Object(Illuminate\\Http\\Request))
#17 /var/www/html/vendor/laravel/framework/src/Illuminate/Pipeline/Pipeline.php(219): Illuminate\\View\\Middleware\\ShareErrorsFromSession->handle(Object(Illuminate\\Http\\Request), Object(Closure))
#18 /var/www/html/vendor/laravel/framework/src/Illuminate/Session/Middleware/StartSession.php(120): Illuminate\\Pipeline\\Pipeline->Illuminate\\Pipeline\\{closure}(Object(Illuminate\\Http\\Request))
#19 /var/www/html/vendor/laravel/framework/src/Illuminate/Session/Middleware/StartSession.php(63): Illuminate\\Session\\Middleware\\StartSession->handleStatefulRequest(Object(Illuminate\\Http\\Request), Object(Illuminate\\Session\\Store), Object(Closure))
#20 /var/www/html/vendor/laravel/framework/src/Illuminate/Pipeline/Pipeline.php(219): Illuminate\\Session\\Middleware\\StartSession->handle(Object(Illuminate\\Http\\Request), Object(Closure))
#21 /var/www/html/vendor/laravel/framework/src/Illuminate/Cookie/Middleware/AddQueuedCookiesToResponse.php(36): Illuminate\\Pipeline\\Pipeline->Illuminate\\Pipeline\\{closure}(Object(Illuminate\\Http\\Request))
#22 /var/www/html/vendor/laravel/framework/src/Illuminate/Pipeline/Pipeline.php(219): Illuminate\\Cookie\\Middleware\\AddQueuedCookiesToResponse->handle(Object(Illuminate\\Http\\Request), Object(Closure))
#23 /var/www/html/vendor/laravel/framework/src/Illuminate/Cookie/Middleware/EncryptCookies.php(74): Illuminate\\Pipeline\\Pipeline->Illuminate\\Pipeline\\{closure}(Object(Illuminate\\Http\\Request))
#24 /var/www/html/vendor/laravel/framework/src/Illuminate/Pipeline/Pipeline.php(219): Illuminate\\Cookie\\Middleware\\EncryptCookies->handle(Object(Illuminate\\Http\\Request), Object(Closure))
#25 /var/www/html/vendor/laravel/framework/src/Illuminate/Pipeline/Pipeline.php(137): Illuminate\\Pipeline\\Pipeline->Illuminate\\Pipeline\\{closure}(Object(Illuminate\\Http\\Request))
#26 /var/www/html/vendor/laravel/framework/src/Illuminate/Routing/Router.php(821): Illuminate\\Pipeline\\Pipeline->then(Object(Closure))
#27 /var/www/html/vendor/laravel/framework/src/Illuminate/Routing/Router.php(800): Illuminate\\Routing\\Router->runRouteWithinStack(Object(Illuminate\\Routing\\Route), Object(Illuminate\\Http\\Request))
#28 /var/www/html/vendor/laravel/framework/src/Illuminate/Routing/Router.php(764): Illuminate\\Routing\\Router->runRoute(Object(Illuminate\\Http\\Request), Object(Illuminate\\Routing\\Route))
#29 /var/www/html/vendor/laravel/framework/src/Illuminate/Routing/Router.php(753): Illuminate\\Routing\\Router->dispatchToRoute(Object(Illuminate\\Http\\Request))
#30 /var/www/html/vendor/laravel/framework/src/Illuminate/Foundation/Http/Kernel.php(200): Illuminate\\Routing\\Router->dispatch(Object(Illuminate\\Http\\Request))
#31 /var/www/html/vendor/laravel/framework/src/Illuminate/Pipeline/Pipeline.php(180): Illuminate\\Foundation\\Http\\Kernel->Illuminate\\Foundation\\Http\\{closure}(Object(Illuminate\\Http\\Request))
#32 /var/www/html/vendor/laravel/framework/src/Illuminate/Foundation/Http/Middleware/TransformsRequest.php(21): Illuminate\\Pipeline\\Pipeline->Illuminate\\Pipeline\\{closure}(Object(Illuminate\\Http\\Request))
#33 /var/www/html/vendor/laravel/framework/src/Illuminate/Foundation/Http/Middleware/ConvertEmptyStringsToNull.php(31): Illuminate\\Foundation\\Http\\Middleware\\TransformsRequest->handle(Object(Illuminate\\Http\\Request), Object(Closure))
#34 /var/www/html/vendor/laravel/framework/src/Illuminate/Pipeline/Pipeline.php(219): Illuminate\\Foundation\\Http\\Middleware\\ConvertEmptyStringsToNull->handle(Object(Illuminate\\Http\\Request), Object(Closure))
#35 /var/www/html/vendor/laravel/framework/src/Illuminate/Foundation/Http/Middleware/TransformsRequest.php(21): Illuminate\\Pipeline\\Pipeline->Illuminate\\Pipeline\\{closure}(Object(Illuminate\\Http\\Request))
#36 /var/www/html/vendor/laravel/framework/src/Illuminate/Foundation/Http/Middleware/TrimStrings.php(51): Illuminate\\Foundation\\Http\\Middleware\\TransformsRequest->handle(Object(Illuminate\\Http\\Request), Object(Closure))
#37 /var/www/html/vendor/laravel/framework/src/Illuminate/Pipeline/Pipeline.php(219): Illuminate\\Foundation\\Http\\Middleware\\TrimStrings->handle(Object(Illuminate\\Http\\Request), Object(Closure))
#38 /var/www/html/vendor/laravel/framework/src/Illuminate/Http/Middleware/ValidatePostSize.php(27): Illuminate\\Pipeline\\Pipeline->Illuminate\\Pipeline\\{closure}(Object(Illuminate\\Http\\Request))
#39 /var/www/html/vendor/laravel/framework/src/Illuminate/Pipeline/Pipeline.php(219): Illuminate\\Http\\Middleware\\ValidatePostSize->handle(Object(Illuminate\\Http\\Request), Object(Closure))
#40 /var/www/html/vendor/laravel/framework/src/Illuminate/Foundation/Http/Middleware/PreventRequestsDuringMaintenance.php(109): Illuminate\\Pipeline\\Pipeline->Illuminate\\Pipeline\\{closure}(Object(Illuminate\\Http\\Request))
#41 /var/www/html/vendor/laravel/framework/src/Illuminate/Pipeline/Pipeline.php(219): Illuminate\\Foundation\\Http\\Middleware\\PreventRequestsDuringMaintenance->handle(Object(Illuminate\\Http\\Request), Object(Closure))
#42 /var/www/html/vendor/laravel/framework/src/Illuminate/Http/Middleware/HandleCors.php(61): Illuminate\\Pipeline\\Pipeline->Illuminate\\Pipeline\\{closure}(Object(Illuminate\\Http\\Request))
#43 /var/www/html/vendor/laravel/framework/src/Illuminate/Pipeline/Pipeline.php(219): Illuminate\\Http\\Middleware\\HandleCors->handle(Object(Illuminate\\Http\\Request), Object(Closure))
#44 /var/www/html/vendor/laravel/framework/src/Illuminate/Http/Middleware/TrustProxies.php(58): Illuminate\\Pipeline\\Pipeline->Illuminate\\Pipeline\\{closure}(Object(Illuminate\\Http\\Request))
#45 /var/www/html/vendor/laravel/framework/src/Illuminate/Pipeline/Pipeline.php(219): Illuminate\\Http\\Middleware\\TrustProxies->handle(Object(Illuminate\\Http\\Request), Object(Closure))
#46 /var/www/html/vendor/laravel/framework/src/Illuminate/Foundation/Http/Middleware/InvokeDeferredCallbacks.php(22): Illuminate\\Pipeline\\Pipeline->Illuminate\\Pipeline\\{closure}(Object(Illuminate\\Http\\Request))
#47 /var/www/html/vendor/laravel/framework/src/Illuminate/Pipeline/Pipeline.php(219): Illuminate\\Foundation\\Http\\Middleware\\InvokeDeferredCallbacks->handle(Object(Illuminate\\Http\\Request), Object(Closure))
#48 /var/www/html/vendor/laravel/framework/src/Illuminate/Http/Middleware/ValidatePathEncoding.php(26): Illuminate\\Pipeline\\Pipeline->Illuminate\\Pipeline\\{closure}(Object(Illuminate\\Http\\Request))
#49 /var/www/html/vendor/laravel/framework/src/Illuminate/Pipeline/Pipeline.php(219): Illuminate\\Http\\Middleware\\ValidatePathEncoding->handle(Object(Illuminate\\Http\\Request), Object(Closure))
#50 /var/www/html/vendor/laravel/framework/src/Illuminate/Pipeline/Pipeline.php(137): Illuminate\\Pipeline\\Pipeline->Illuminate\\Pipeline\\{closure}(Object(Illuminate\\Http\\Request))
#51 /var/www/html/vendor/laravel/framework/src/Illuminate/Foundation/Http/Kernel.php(175): Illuminate\\Pipeline\\Pipeline->then(Object(Closure))
#52 /var/www/html/vendor/laravel/framework/src/Illuminate/Foundation/Http/Kernel.php(144): Illuminate\\Foundation\\Http\\Kernel->sendRequestThroughRouter(Object(Illuminate\\Http\\Request))
#53 /var/www/html/vendor/laravel/framework/src/Illuminate/Foundation/Application.php(1220): Illuminate\\Foundation\\Http\\Kernel->handle(Object(Illuminate\\Http\\Request))
#54 /var/www/html/public/index.php(17): Illuminate\\Foundation\\Application->handleRequest(Object(Illuminate\\Http\\Request))
#55 {main}
"} 
[2026-05-27 18:45:47] local.ERROR: PHP Request Shutdown: Sequence out of range (errflg=2) {"userId":1,"exception":"[object] (ErrorException(code: 0): PHP Request Shutdown: Sequence out of range (errflg=2) at Unknown:0)
[stacktrace]
#0 /var/www/html/vendor/laravel/framework/src/Illuminate/Foundation/Bootstrap/HandleExceptions.php(258): Illuminate\\Foundation\\Bootstrap\\HandleExceptions->handleError(8, 'PHP Request Shu...', 'Unknown', 0)
#1 [internal function]: Illuminate\\Foundation\\Bootstrap\\HandleExceptions->Illuminate\\Foundation\\Bootstrap\\{closure}(8, 'PHP Request Shu...', 'Unknown', 0)
#2 {main}
"} 
[2026-05-27 18:45:51] local.ERROR: PHP Request Shutdown: Sequence out of range (errflg=2) {"userId":1,"exception":"[object] (ErrorException(code: 0): PHP Request Shutdown: Sequence out of range (errflg=2) at Unknown:0)
[stacktrace]
#0 /var/www/html/vendor/laravel/framework/src/Illuminate/Foundation/Bootstrap/HandleExceptions.php(258): Illuminate\\Foundation\\Bootstrap\\HandleExceptions->handleError(8, 'PHP Request Shu...', 'Unknown', 0)
#1 [internal function]: Illuminate\\Foundation\\Bootstrap\\HandleExceptions->Illuminate\\Foundation\\Bootstrap\\{closure}(8, 'PHP Request Shu...', 'Unknown', 0)
#2 {main}
"} 
[2026-05-27 18:45:52] local.ERROR: PHP Request Shutdown: Sequence out of range (errflg=2) {"userId":1,"exception":"[object] (ErrorException(code: 0): PHP Request Shutdown: Sequence out of range (errflg=2) at Unknown:0)
[stacktrace]
#0 /var/www/html/vendor/laravel/framework/src/Illuminate/Foundation/Bootstrap/HandleExceptions.php(258): Illuminate\\Foundation\\Bootstrap\\HandleExceptions->handleError(8, 'PHP Request Shu...', 'Unknown', 0)
#1 [internal function]: Illuminate\\Foundation\\Bootstrap\\HandleExceptions->Illuminate\\Foundation\\Bootstrap\\{closure}(8, 'PHP Request Shu...', 'Unknown', 0)
#2 {main}
"} 
[2026-05-27 18:45:53] local.ERROR: PHP Request Shutdown: Sequence out of range (errflg=2) {"userId":1,"exception":"[object] (ErrorException(code: 0): PHP Request Shutdown: Sequence out of range (errflg=2) at Unknown:0)
[stacktrace]
#0 /var/www/html/vendor/laravel/framework/src/Illuminate/Foundation/Bootstrap/HandleExceptions.php(258): Illuminate\\Foundation\\Bootstrap\\HandleExceptions->handleError(8, 'PHP Request Shu...', 'Unknown', 0)
#1 [internal function]: Illuminate\\Foundation\\Bootstrap\\HandleExceptions->Illuminate\\Foundation\\Bootstrap\\{closure}(8, 'PHP Request Shu...', 'Unknown', 0)
#2 {main}
"} 
[2026-05-27 18:45:53] local.ERROR: PHP Request Shutdown: Sequence out of range (errflg=2) {"userId":1,"exception":"[object] (ErrorException(code: 0): PHP Request Shutdown: Sequence out of range (errflg=2) at Unknown:0)
[stacktrace]
#0 /var/www/html/vendor/laravel/framework/src/Illuminate/Foundation/Bootstrap/HandleExceptions.php(258): Illuminate\\Foundation\\Bootstrap\\HandleExceptions->handleError(8, 'PHP Request Shu...', 'Unknown', 0)
#1 [internal function]: Illuminate\\Foundation\\Bootstrap\\HandleExceptions->Illuminate\\Foundation\\Bootstrap\\{closure}(8, 'PHP Request Shu...', 'Unknown', 0)
#2 {main}
"} 
[2026-05-27 18:45:54] local.ERROR: PHP Request Shutdown: Sequence out of range (errflg=2) {"userId":1,"exception":"[object] (ErrorException(code: 0): PHP Request Shutdown: Sequence out of range (errflg=2) at Unknown:0)
[stacktrace]
#0 /var/www/html/vendor/laravel/framework/src/Illuminate/Foundation/Bootstrap/HandleExceptions.php(258): Illuminate\\Foundation\\Bootstrap\\HandleExceptions->handleError(8, 'PHP Request Shu...', 'Unknown', 0)
#1 [internal function]: Illuminate\\Foundation\\Bootstrap\\HandleExceptions->Illuminate\\Foundation\\Bootstrap\\{closure}(8, 'PHP Request Shu...', 'Unknown', 0)
#2 {main}
"} 
[2026-05-27 18:45:55] local.ERROR: PHP Request Shutdown: Sequence out of range (errflg=2) {"userId":1,"exception":"[object] (ErrorException(code: 0): PHP Request Shutdown: Sequence out of range (errflg=2) at Unknown:0)
[stacktrace]
#0 /var/www/html/vendor/laravel/framework/src/Illuminate/Foundation/Bootstrap/HandleExceptions.php(258): Illuminate\\Foundation\\Bootstrap\\HandleExceptions->handleError(8, 'PHP Request Shu...', 'Unknown', 0)
#1 [internal function]: Illuminate\\Foundation\\Bootstrap\\HandleExceptions->Illuminate\\Foundation\\Bootstrap\\{closure}(8, 'PHP Request Shu...', 'Unknown', 0)
#2 {main}
"} 
[2026-05-27 18:45:55] local.ERROR: PHP Request Shutdown: Sequence out of range (errflg=2) {"userId":1,"exception":"[object] (ErrorException(code: 0): PHP Request Shutdown: Sequence out of range (errflg=2) at Unknown:0)
[stacktrace]
#0 /var/www/html/vendor/laravel/framework/src/Illuminate/Foundation/Bootstrap/HandleExceptions.php(258): Illuminate\\Foundation\\Bootstrap\\HandleExceptions->handleError(8, 'PHP Request Shu...', 'Unknown', 0)
#1 [internal function]: Illuminate\\Foundation\\Bootstrap\\HandleExceptions->Illuminate\\Foundation\\Bootstrap\\{closure}(8, 'PHP Request Shu...', 'Unknown', 0)
#2 {main}
"} 
[2026-05-27 18:45:56] local.ERROR: PHP Request Shutdown: Sequence out of range (errflg=2) {"userId":1,"exception":"[object] (ErrorException(code: 0): PHP Request Shutdown: Sequence out of range (errflg=2) at Unknown:0)
[stacktrace]
#0 /var/www/html/vendor/laravel/framework/src/Illuminate/Foundation/Bootstrap/HandleExceptions.php(258): Illuminate\\Foundation\\Bootstrap\\HandleExceptions->handleError(8, 'PHP Request Shu...', 'Unknown', 0)
#1 [internal function]: Illuminate\\Foundation\\Bootstrap\\HandleExceptions->Illuminate\\Foundation\\Bootstrap\\{closure}(8, 'PHP Request Shu...', 'Unknown', 0)
#2 {main}
"} 
[2026-05-27 18:45:58] local.ERROR: PHP Request Shutdown: Sequence out of range (errflg=2) {"userId":1,"exception":"[object] (ErrorException(code: 0): PHP Request Shutdown: Sequence out of range (errflg=2) at Unknown:0)
[stacktrace]
#0 /var/www/html/vendor/laravel/framework/src/Illuminate/Foundation/Bootstrap/HandleExceptions.php(258): Illuminate\\Foundation\\Bootstrap\\HandleExceptions->handleError(8, 'PHP Request Shu...', 'Unknown', 0)
#1 [internal function]: Illuminate\\Foundation\\Bootstrap\\HandleExceptions->Illuminate\\Foundation\\Bootstrap\\{closure}(8, 'PHP Request Shu...', 'Unknown', 0)
#2 {main}
"} 
[2026-05-27 18:45:58] local.ERROR: PHP Request Shutdown: Sequence out of range (errflg=2) {"userId":1,"exception":"[object] (ErrorException(code: 0): PHP Request Shutdown: Sequence out of range (errflg=2) at Unknown:0)
[stacktrace]
#0 /var/www/html/vendor/laravel/framework/src/Illuminate/Foundation/Bootstrap/HandleExceptions.php(258): Illuminate\\Foundation\\Bootstrap\\HandleExceptions->handleError(8, 'PHP Request Shu...', 'Unknown', 0)
#1 [internal function]: Illuminate\\Foundation\\Bootstrap\\HandleExceptions->Illuminate\\Foundation\\Bootstrap\\{closure}(8, 'PHP Request Shu...', 'Unknown', 0)
#2 {main}
"} 
[2026-05-27 18:45:59] local.ERROR: PHP Request Shutdown: Sequence out of range (errflg=2) {"userId":1,"exception":"[object] (ErrorException(code: 0): PHP Request Shutdown: Sequence out of range (errflg=2) at Unknown:0)
[stacktrace]
#0 /var/www/html/vendor/laravel/framework/src/Illuminate/Foundation/Bootstrap/HandleExceptions.php(258): Illuminate\\Foundation\\Bootstrap\\HandleExceptions->handleError(8, 'PHP Request Shu...', 'Unknown', 0)
#1 [internal function]: Illuminate\\Foundation\\Bootstrap\\HandleExceptions->Illuminate\\Foundation\\Bootstrap\\{closure}(8, 'PHP Request Shu...', 'Unknown', 0)
#2 {main}
"} 
[2026-05-27 18:46:04] local.ERROR: PHP Request Shutdown: Sequence out of range (errflg=2) {"userId":1,"exception":"[object] (ErrorException(code: 0): PHP Request Shutdown: Sequence out of range (errflg=2) at Unknown:0)
[stacktrace]
#0 /var/www/html/vendor/laravel/framework/src/Illuminate/Foundation/Bootstrap/HandleExceptions.php(258): Illuminate\\Foundation\\Bootstrap\\HandleExceptions->handleError(8, 'PHP Request Shu...', 'Unknown', 0)
#1 [internal function]: Illuminate\\Foundation\\Bootstrap\\HandleExceptions->Illuminate\\Foundation\\Bootstrap\\{closure}(8, 'PHP Request Shu...', 'Unknown', 0)
#2 {main}
"} 
[2026-05-27 18:46:10] local.ERROR: PHP Request Shutdown: Sequence out of range (errflg=2) {"userId":1,"exception":"[object] (ErrorException(code: 0): PHP Request Shutdown: Sequence out of range (errflg=2) at Unknown:0)
[stacktrace]
#0 /var/www/html/vendor/laravel/framework/src/Illuminate/Foundation/Bootstrap/HandleExceptions.php(258): Illuminate\\Foundation\\Bootstrap\\HandleExceptions->handleError(8, 'PHP Request Shu...', 'Unknown', 0)
#1 [internal function]: Illuminate\\Foundation\\Bootstrap\\HandleExceptions->Illuminate\\Foundation\\Bootstrap\\{closure}(8, 'PHP Request Shu...', 'Unknown', 0)
#2 {main}
"} 
[2026-05-27 18:46:11] local.ERROR: PHP Request Shutdown: Sequence out of range (errflg=2) {"userId":1,"exception":"[object] (ErrorException(code: 0): PHP Request Shutdown: Sequence out of range (errflg=2) at Unknown:0)
[stacktrace]
#0 /var/www/html/vendor/laravel/framework/src/Illuminate/Foundation/Bootstrap/HandleExceptions.php(258): Illuminate\\Foundation\\Bootstrap\\HandleExceptions->handleError(8, 'PHP Request Shu...', 'Unknown', 0)
#1 [internal function]: Illuminate\\Foundation\\Bootstrap\\HandleExceptions->Illuminate\\Foundation\\Bootstrap\\{closure}(8, 'PHP Request Shu...', 'Unknown', 0)
#2 {main}
"} 
[2026-05-27 18:46:12] local.ERROR: PHP Request Shutdown: Sequence out of range (errflg=2) {"userId":1,"exception":"[object] (ErrorException(code: 0): PHP Request Shutdown: Sequence out of range (errflg=2) at Unknown:0)
[stacktrace]
#0 /var/www/html/vendor/laravel/framework/src/Illuminate/Foundation/Bootstrap/HandleExceptions.php(258): Illuminate\\Foundation\\Bootstrap\\HandleExceptions->handleError(8, 'PHP Request Shu...', 'Unknown', 0)
#1 [internal function]: Illuminate\\Foundation\\Bootstrap\\HandleExceptions->Illuminate\\Foundation\\Bootstrap\\{closure}(8, 'PHP Request Shu...', 'Unknown', 0)
#2 {main}
"} 
[2026-05-27 18:50:05] local.ERROR: PHP Request Shutdown: Sequence out of range (errflg=2) {"userId":1,"exception":"[object] (ErrorException(code: 0): PHP Request Shutdown: Sequence out of range (errflg=2) at Unknown:0)
[stacktrace]
#0 /var/www/html/vendor/laravel/framework/src/Illuminate/Foundation/Bootstrap/HandleExceptions.php(258): Illuminate\\Foundation\\Bootstrap\\HandleExceptions->handleError(8, 'PHP Request Shu...', 'Unknown', 0)
#1 [internal function]: Illuminate\\Foundation\\Bootstrap\\HandleExceptions->Illuminate\\Foundation\\Bootstrap\\{closure}(8, 'PHP Request Shu...', 'Unknown', 0)
#2 {main}
"} 
[2026-05-27 18:51:57] local.ERROR: PHP Request Shutdown: Sequence out of range (errflg=2) {"userId":1,"exception":"[object] (ErrorException(code: 0): PHP Request Shutdown: Sequence out of range (errflg=2) at Unknown:0)
[stacktrace]
#0 /var/www/html/vendor/laravel/framework/src/Illuminate/Foundation/Bootstrap/HandleExceptions.php(258): Illuminate\\Foundation\\Bootstrap\\HandleExceptions->handleError(8, 'PHP Request Shu...', 'Unknown', 0)
#1 [internal function]: Illuminate\\Foundation\\Bootstrap\\HandleExceptions->Illuminate\\Foundation\\Bootstrap\\{closure}(8, 'PHP Request Shu...', 'Unknown', 0)
#2 {main}
"} 
[2026-05-27 18:52:43] local.ERROR: PHP Request Shutdown: Sequence out of range (errflg=2) {"userId":1,"exception":"[object] (ErrorException(code: 0): PHP Request Shutdown: Sequence out of range (errflg=2) at Unknown:0)
[stacktrace]
#0 /var/www/html/vendor/laravel/framework/src/Illuminate/Foundation/Bootstrap/HandleExceptions.php(258): Illuminate\\Foundation\\Bootstrap\\HandleExceptions->handleError(8, 'PHP Request Shu...', 'Unknown', 0)
#1 [internal function]: Illuminate\\Foundation\\Bootstrap\\HandleExceptions->Illuminate\\Foundation\\Bootstrap\\{closure}(8, 'PHP Request Shu...', 'Unknown', 0)
#2 {main}
"} 
[2026-05-27 18:53:22] local.ERROR: PHP Request Shutdown: Sequence out of range (errflg=2) {"userId":1,"exception":"[object] (ErrorException(code: 0): PHP Request Shutdown: Sequence out of range (errflg=2) at Unknown:0)
[stacktrace]
#0 /var/www/html/vendor/laravel/framework/src/Illuminate/Foundation/Bootstrap/HandleExceptions.php(258): Illuminate\\Foundation\\Bootstrap\\HandleExceptions->handleError(8, 'PHP Request Shu...', 'Unknown', 0)
#1 [internal function]: Illuminate\\Foundation\\Bootstrap\\HandleExceptions->Illuminate\\Foundation\\Bootstrap\\{closure}(8, 'PHP Request Shu...', 'Unknown', 0)
#2 {main}
"} 
[2026-05-27 18:53:26] local.ERROR: PHP Request Shutdown: Sequence out of range (errflg=2) {"userId":1,"exception":"[object] (ErrorException(code: 0): PHP Request Shutdown: Sequence out of range (errflg=2) at Unknown:0)
[stacktrace]
#0 /var/www/html/vendor/laravel/framework/src/Illuminate/Foundation/Bootstrap/HandleExceptions.php(258): Illuminate\\Foundation\\Bootstrap\\HandleExceptions->handleError(8, 'PHP Request Shu...', 'Unknown', 0)
#1 [internal function]: Illuminate\\Foundation\\Bootstrap\\HandleExceptions->Illuminate\\Foundation\\Bootstrap\\{closure}(8, 'PHP Request Shu...', 'Unknown', 0)
#2 {main}
"} 
[2026-05-27 18:53:33] local.ERROR: PHP Request Shutdown: Sequence out of range (errflg=2) {"userId":1,"exception":"[object] (ErrorException(code: 0): PHP Request Shutdown: Sequence out of range (errflg=2) at Unknown:0)
[stacktrace]
#0 /var/www/html/vendor/laravel/framework/src/Illuminate/Foundation/Bootstrap/HandleExceptions.php(258): Illuminate\\Foundation\\Bootstrap\\HandleExceptions->handleError(8, 'PHP Request Shu...', 'Unknown', 0)
#1 [internal function]: Illuminate\\Foundation\\Bootstrap\\HandleExceptions->Illuminate\\Foundation\\Bootstrap\\{closure}(8, 'PHP Request Shu...', 'Unknown', 0)
#2 {main}
"} 
[2026-05-27 18:53:36] local.ERROR: PHP Request Shutdown: Sequence out of range (errflg=2) {"userId":1,"exception":"[object] (ErrorException(code: 0): PHP Request Shutdown: Sequence out of range (errflg=2) at Unknown:0)
[stacktrace]
#0 /var/www/html/vendor/laravel/framework/src/Illuminate/Foundation/Bootstrap/HandleExceptions.php(258): Illuminate\\Foundation\\Bootstrap\\HandleExceptions->handleError(8, 'PHP Request Shu...', 'Unknown', 0)
#1 [internal function]: Illuminate\\Foundation\\Bootstrap\\HandleExceptions->Illuminate\\Foundation\\Bootstrap\\{closure}(8, 'PHP Request Shu...', 'Unknown', 0)
#2 {main}
"} 
[2026-05-27 18:53:40] local.ERROR: PHP Request Shutdown: Sequence out of range (errflg=2) {"userId":1,"exception":"[object] (ErrorException(code: 0): PHP Request Shutdown: Sequence out of range (errflg=2) at Unknown:0)
[stacktrace]
#0 /var/www/html/vendor/laravel/framework/src/Illuminate/Foundation/Bootstrap/HandleExceptions.php(258): Illuminate\\Foundation\\Bootstrap\\HandleExceptions->handleError(8, 'PHP Request Shu...', 'Unknown', 0)
#1 [internal function]: Illuminate\\Foundation\\Bootstrap\\HandleExceptions->Illuminate\\Foundation\\Bootstrap\\{closure}(8, 'PHP Request Shu...', 'Unknown', 0)
#2 {main}
"} 
[2026-05-27 18:54:04] local.ERROR: PHP Request Shutdown: Sequence out of range (errflg=2) {"userId":1,"exception":"[object] (ErrorException(code: 0): PHP Request Shutdown: Sequence out of range (errflg=2) at Unknown:0)
[stacktrace]
#0 /var/www/html/vendor/laravel/framework/src/Illuminate/Foundation/Bootstrap/HandleExceptions.php(258): Illuminate\\Foundation\\Bootstrap\\HandleExceptions->handleError(8, 'PHP Request Shu...', 'Unknown', 0)
#1 [internal function]: Illuminate\\Foundation\\Bootstrap\\HandleExceptions->Illuminate\\Foundation\\Bootstrap\\{closure}(8, 'PHP Request Shu...', 'Unknown', 0)
#2 {main}
"} 
[2026-05-27 18:55:43] local.ERROR: PHP Request Shutdown: Sequence out of range (errflg=2) {"userId":1,"exception":"[object] (ErrorException(code: 0): PHP Request Shutdown: Sequence out of range (errflg=2) at Unknown:0)
[stacktrace]
#0 /var/www/html/vendor/laravel/framework/src/Illuminate/Foundation/Bootstrap/HandleExceptions.php(258): Illuminate\\Foundation\\Bootstrap\\HandleExceptions->handleError(8, 'PHP Request Shu...', 'Unknown', 0)
#1 [internal function]: Illuminate\\Foundation\\Bootstrap\\HandleExceptions->Illuminate\\Foundation\\Bootstrap\\{closure}(8, 'PHP Request Shu...', 'Unknown', 0)
#2 {main}
"} 
[2026-05-27 19:01:59] local.ERROR: PHP Request Shutdown: No such host as mail (errflg=2) {"userId":1,"exception":"[object] (ErrorException(code: 0): PHP Request Shutdown: No such host as mail (errflg=2) at Unknown:0)
[stacktrace]
#0 /var/www/html/vendor/laravel/framework/src/Illuminate/Foundation/Bootstrap/HandleExceptions.php(258): Illuminate\\Foundation\\Bootstrap\\HandleExceptions->handleError(8, 'PHP Request Shu...', 'Unknown', 0)
#1 [internal function]: Illuminate\\Foundation\\Bootstrap\\HandleExceptions->Illuminate\\Foundation\\Bootstrap\\{closure}(8, 'PHP Request Shu...', 'Unknown', 0)
#2 {main}
"} 
[2026-05-27 19:02:00] local.ERROR: PHP Request Shutdown: No such host as mail (errflg=2) {"userId":1,"exception":"[object] (ErrorException(code: 0): PHP Request Shutdown: No such host as mail (errflg=2) at Unknown:0)
[stacktrace]
#0 /var/www/html/vendor/laravel/framework/src/Illuminate/Foundation/Bootstrap/HandleExceptions.php(258): Illuminate\\Foundation\\Bootstrap\\HandleExceptions->handleError(8, 'PHP Request Shu...', 'Unknown', 0)
#1 [internal function]: Illuminate\\Foundation\\Bootstrap\\HandleExceptions->Illuminate\\Foundation\\Bootstrap\\{closure}(8, 'PHP Request Shu...', 'Unknown', 0)
#2 {main}
"} 
[2026-05-27 19:02:59] local.ERROR: PHP Request Shutdown: Can't connect to mail,993: Connection refused (errflg=2) {"userId":1,"exception":"[object] (ErrorException(code: 0): PHP Request Shutdown: Can't connect to mail,993: Connection refused (errflg=2) at Unknown:0)
[stacktrace]
#0 /var/www/html/vendor/laravel/framework/src/Illuminate/Foundation/Bootstrap/HandleExceptions.php(258): Illuminate\\Foundation\\Bootstrap\\HandleExceptions->handleError(8, 'PHP Request Shu...', 'Unknown', 0)
#1 [internal function]: Illuminate\\Foundation\\Bootstrap\\HandleExceptions->Illuminate\\Foundation\\Bootstrap\\{closure}(8, 'PHP Request Shu...', 'Unknown', 0)
#2 {main}
"} 
[2026-05-27 19:03:02] local.ERROR: PHP Request Shutdown: No such host as mail (errflg=2) {"userId":1,"exception":"[object] (ErrorException(code: 0): PHP Request Shutdown: No such host as mail (errflg=2) at Unknown:0)
[stacktrace]
#0 /var/www/html/vendor/laravel/framework/src/Illuminate/Foundation/Bootstrap/HandleExceptions.php(258): Illuminate\\Foundation\\Bootstrap\\HandleExceptions->handleError(8, 'PHP Request Shu...', 'Unknown', 0)
#1 [internal function]: Illuminate\\Foundation\\Bootstrap\\HandleExceptions->Illuminate\\Foundation\\Bootstrap\\{closure}(8, 'PHP Request Shu...', 'Unknown', 0)
#2 {main}
"} 
[2026-05-27 19:03:04] local.ERROR: PHP Request Shutdown: No such host as mail (errflg=2) {"userId":1,"exception":"[object] (ErrorException(code: 0): PHP Request Shutdown: No such host as mail (errflg=2) at Unknown:0)
[stacktrace]
#0 /var/www/html/vendor/laravel/framework/src/Illuminate/Foundation/Bootstrap/HandleExceptions.php(258): Illuminate\\Foundation\\Bootstrap\\HandleExceptions->handleError(8, 'PHP Request Shu...', 'Unknown', 0)
#1 [internal function]: Illuminate\\Foundation\\Bootstrap\\HandleExceptions->Illuminate\\Foundation\\Bootstrap\\{closure}(8, 'PHP Request Shu...', 'Unknown', 0)
#2 {main}
"} 
[2026-05-27 19:03:26] local.ERROR: PHP Request Shutdown: No such host as mail (errflg=2) {"userId":1,"exception":"[object] (ErrorException(code: 0): PHP Request Shutdown: No such host as mail (errflg=2) at Unknown:0)
[stacktrace]
#0 /var/www/html/vendor/laravel/framework/src/Illuminate/Foundation/Bootstrap/HandleExceptions.php(258): Illuminate\\Foundation\\Bootstrap\\HandleExceptions->handleError(8, 'PHP Request Shu...', 'Unknown', 0)
#1 [internal function]: Illuminate\\Foundation\\Bootstrap\\HandleExceptions->Illuminate\\Foundation\\Bootstrap\\{closure}(8, 'PHP Request Shu...', 'Unknown', 0)
#2 {main}
"} 
[2026-05-27 19:04:39] local.ERROR: PHP Request Shutdown: No such host as mail (errflg=2) {"userId":1,"exception":"[object] (ErrorException(code: 0): PHP Request Shutdown: No such host as mail (errflg=2) at Unknown:0)
[stacktrace]
#0 /var/www/html/vendor/laravel/framework/src/Illuminate/Foundation/Bootstrap/HandleExceptions.php(258): Illuminate\\Foundation\\Bootstrap\\HandleExceptions->handleError(8, 'PHP Request Shu...', 'Unknown', 0)
#1 [internal function]: Illuminate\\Foundation\\Bootstrap\\HandleExceptions->Illuminate\\Foundation\\Bootstrap\\{closure}(8, 'PHP Request Shu...', 'Unknown', 0)
#2 {main}
"} 
[2026-05-27 19:05:06] local.ERROR: PHP Request Shutdown: No such host as mail (errflg=2) {"userId":1,"exception":"[object] (ErrorException(code: 0): PHP Request Shutdown: No such host as mail (errflg=2) at Unknown:0)
[stacktrace]
#0 /var/www/html/vendor/laravel/framework/src/Illuminate/Foundation/Bootstrap/HandleExceptions.php(258): Illuminate\\Foundation\\Bootstrap\\HandleExceptions->handleError(8, 'PHP Request Shu...', 'Unknown', 0)
#1 [internal function]: Illuminate\\Foundation\\Bootstrap\\HandleExceptions->Illuminate\\Foundation\\Bootstrap\\{closure}(8, 'PHP Request Shu...', 'Unknown', 0)
#2 {main}
"} 
[2026-05-27 19:06:48] local.ERROR: PHP Request Shutdown: No such host as mail (errflg=2) {"exception":"[object] (ErrorException(code: 0): PHP Request Shutdown: No such host as mail (errflg=2) at Unknown:0)
[stacktrace]
#0 /var/www/html/vendor/laravel/framework/src/Illuminate/Foundation/Bootstrap/HandleExceptions.php(258): Illuminate\\Foundation\\Bootstrap\\HandleExceptions->handleError(8, 'PHP Request Shu...', 'Unknown', 0)
#1 [internal function]: Illuminate\\Foundation\\Bootstrap\\HandleExceptions->Illuminate\\Foundation\\Bootstrap\\{closure}(8, 'PHP Request Shu...', 'Unknown', 0)
#2 {main}
"} 
[2026-05-27 19:08:59] local.ERROR: PHP Request Shutdown: Retrying PLAIN authentication after [AUTHENTICATIONFAILED] Authentication failed. (errflg=1) {"exception":"[object] (ErrorException(code: 0): PHP Request Shutdown: Retrying PLAIN authentication after [AUTHENTICATIONFAILED] Authentication failed. (errflg=1) at Unknown:0)
[stacktrace]
#0 /var/www/html/vendor/laravel/framework/src/Illuminate/Foundation/Bootstrap/HandleExceptions.php(258): Illuminate\\Foundation\\Bootstrap\\HandleExceptions->handleError(8, 'PHP Request Shu...', 'Unknown', 0)
#1 [internal function]: Illuminate\\Foundation\\Bootstrap\\HandleExceptions->Illuminate\\Foundation\\Bootstrap\\{closure}(8, 'PHP Request Shu...', 'Unknown', 0)
#2 {main}
"} 
[2026-05-27 19:09:22] local.ERROR: PHP Request Shutdown: Sequence out of range (errflg=2) {"userId":1,"exception":"[object] (ErrorException(code: 0): PHP Request Shutdown: Sequence out of range (errflg=2) at Unknown:0)
[stacktrace]
#0 /var/www/html/vendor/laravel/framework/src/Illuminate/Foundation/Bootstrap/HandleExceptions.php(258): Illuminate\\Foundation\\Bootstrap\\HandleExceptions->handleError(8, 'PHP Request Shu...', 'Unknown', 0)
#1 [internal function]: Illuminate\\Foundation\\Bootstrap\\HandleExceptions->Illuminate\\Foundation\\Bootstrap\\{closure}(8, 'PHP Request Shu...', 'Unknown', 0)
#2 {main}
"} 
[2026-05-27 19:09:25] local.ERROR: PHP Request Shutdown: Sequence out of range (errflg=2) {"userId":1,"exception":"[object] (ErrorException(code: 0): PHP Request Shutdown: Sequence out of range (errflg=2) at Unknown:0)
[stacktrace]
#0 /var/www/html/vendor/laravel/framework/src/Illuminate/Foundation/Bootstrap/HandleExceptions.php(258): Illuminate\\Foundation\\Bootstrap\\HandleExceptions->handleError(8, 'PHP Request Shu...', 'Unknown', 0)
#1 [internal function]: Illuminate\\Foundation\\Bootstrap\\HandleExceptions->Illuminate\\Foundation\\Bootstrap\\{closure}(8, 'PHP Request Shu...', 'Unknown', 0)
#2 {main}
"} 
[2026-05-27 19:09:31] local.ERROR: PHP Request Shutdown: Sequence out of range (errflg=2) {"userId":1,"exception":"[object] (ErrorException(code: 0): PHP Request Shutdown: Sequence out of range (errflg=2) at Unknown:0)
[stacktrace]
#0 /var/www/html/vendor/laravel/framework/src/Illuminate/Foundation/Bootstrap/HandleExceptions.php(258): Illuminate\\Foundation\\Bootstrap\\HandleExceptions->handleError(8, 'PHP Request Shu...', 'Unknown', 0)
#1 [internal function]: Illuminate\\Foundation\\Bootstrap\\HandleExceptions->Illuminate\\Foundation\\Bootstrap\\{closure}(8, 'PHP Request Shu...', 'Unknown', 0)
#2 {main}
"} 
[2026-05-27 19:09:34] local.ERROR: PHP Request Shutdown: Sequence out of range (errflg=2) {"userId":1,"exception":"[object] (ErrorException(code: 0): PHP Request Shutdown: Sequence out of range (errflg=2) at Unknown:0)
[stacktrace]
#0 /var/www/html/vendor/laravel/framework/src/Illuminate/Foundation/Bootstrap/HandleExceptions.php(258): Illuminate\\Foundation\\Bootstrap\\HandleExceptions->handleError(8, 'PHP Request Shu...', 'Unknown', 0)
#1 [internal function]: Illuminate\\Foundation\\Bootstrap\\HandleExceptions->Illuminate\\Foundation\\Bootstrap\\{closure}(8, 'PHP Request Shu...', 'Unknown', 0)
#2 {main}
"} 
[2026-05-27 19:09:34] local.ERROR: PHP Request Shutdown: Sequence out of range (errflg=2) {"userId":1,"exception":"[object] (ErrorException(code: 0): PHP Request Shutdown: Sequence out of range (errflg=2) at Unknown:0)
[stacktrace]
#0 /var/www/html/vendor/laravel/framework/src/Illuminate/Foundation/Bootstrap/HandleExceptions.php(258): Illuminate\\Foundation\\Bootstrap\\HandleExceptions->handleError(8, 'PHP Request Shu...', 'Unknown', 0)
#1 [internal function]: Illuminate\\Foundation\\Bootstrap\\HandleExceptions->Illuminate\\Foundation\\Bootstrap\\{closure}(8, 'PHP Request Shu...', 'Unknown', 0)
#2 {main}
"} 
[2026-05-27 19:09:35] local.ERROR: PHP Request Shutdown: Sequence out of range (errflg=2) {"userId":1,"exception":"[object] (ErrorException(code: 0): PHP Request Shutdown: Sequence out of range (errflg=2) at Unknown:0)
[stacktrace]
#0 /var/www/html/vendor/laravel/framework/src/Illuminate/Foundation/Bootstrap/HandleExceptions.php(258): Illuminate\\Foundation\\Bootstrap\\HandleExceptions->handleError(8, 'PHP Request Shu...', 'Unknown', 0)
#1 [internal function]: Illuminate\\Foundation\\Bootstrap\\HandleExceptions->Illuminate\\Foundation\\Bootstrap\\{closure}(8, 'PHP Request Shu...', 'Unknown', 0)
#2 {main}
"} 
[2026-05-27 19:09:37] local.ERROR: PHP Request Shutdown: Sequence out of range (errflg=2) {"userId":1,"exception":"[object] (ErrorException(code: 0): PHP Request Shutdown: Sequence out of range (errflg=2) at Unknown:0)
[stacktrace]
#0 /var/www/html/vendor/laravel/framework/src/Illuminate/Foundation/Bootstrap/HandleExceptions.php(258): Illuminate\\Foundation\\Bootstrap\\HandleExceptions->handleError(8, 'PHP Request Shu...', 'Unknown', 0)
#1 [internal function]: Illuminate\\Foundation\\Bootstrap\\HandleExceptions->Illuminate\\Foundation\\Bootstrap\\{closure}(8, 'PHP Request Shu...', 'Unknown', 0)
#2 {main}
"} 
[2026-05-27 19:09:48] local.ERROR: PHP Request Shutdown: Sequence out of range (errflg=2) {"userId":1,"exception":"[object] (ErrorException(code: 0): PHP Request Shutdown: Sequence out of range (errflg=2) at Unknown:0)
[stacktrace]
#0 /var/www/html/vendor/laravel/framework/src/Illuminate/Foundation/Bootstrap/HandleExceptions.php(258): Illuminate\\Foundation\\Bootstrap\\HandleExceptions->handleError(8, 'PHP Request Shu...', 'Unknown', 0)
#1 [internal function]: Illuminate\\Foundation\\Bootstrap\\HandleExceptions->Illuminate\\Foundation\\Bootstrap\\{closure}(8, 'PHP Request Shu...', 'Unknown', 0)
#2 {main}
"} 
[2026-05-27 19:09:50] local.ERROR: PHP Request Shutdown: Sequence out of range (errflg=2) {"userId":1,"exception":"[object] (ErrorException(code: 0): PHP Request Shutdown: Sequence out of range (errflg=2) at Unknown:0)
[stacktrace]
#0 /var/www/html/vendor/laravel/framework/src/Illuminate/Foundation/Bootstrap/HandleExceptions.php(258): Illuminate\\Foundation\\Bootstrap\\HandleExceptions->handleError(8, 'PHP Request Shu...', 'Unknown', 0)
#1 [internal function]: Illuminate\\Foundation\\Bootstrap\\HandleExceptions->Illuminate\\Foundation\\Bootstrap\\{closure}(8, 'PHP Request Shu...', 'Unknown', 0)
#2 {main}
"} 
[2026-05-27 19:10:23] local.ERROR: PHP Request Shutdown: Sequence out of range (errflg=2) {"userId":1,"exception":"[object] (ErrorException(code: 0): PHP Request Shutdown: Sequence out of range (errflg=2) at Unknown:0)
[stacktrace]
#0 /var/www/html/vendor/laravel/framework/src/Illuminate/Foundation/Bootstrap/HandleExceptions.php(258): Illuminate\\Foundation\\Bootstrap\\HandleExceptions->handleError(8, 'PHP Request Shu...', 'Unknown', 0)
#1 [internal function]: Illuminate\\Foundation\\Bootstrap\\HandleExceptions->Illuminate\\Foundation\\Bootstrap\\{closure}(8, 'PHP Request Shu...', 'Unknown', 0)
#2 {main}
"} 
[2026-05-27 19:10:27] local.ERROR: PHP Request Shutdown: Sequence out of range (errflg=2) {"userId":1,"exception":"[object] (ErrorException(code: 0): PHP Request Shutdown: Sequence out of range (errflg=2) at Unknown:0)
[stacktrace]
#0 /var/www/html/vendor/laravel/framework/src/Illuminate/Foundation/Bootstrap/HandleExceptions.php(258): Illuminate\\Foundation\\Bootstrap\\HandleExceptions->handleError(8, 'PHP Request Shu...', 'Unknown', 0)
#1 [internal function]: Illuminate\\Foundation\\Bootstrap\\HandleExceptions->Illuminate\\Foundation\\Bootstrap\\{closure}(8, 'PHP Request Shu...', 'Unknown', 0)
#2 {main}
"} 
[2026-05-27 19:10:37] local.ERROR: PHP Request Shutdown: Sequence out of range (errflg=2) {"userId":1,"exception":"[object] (ErrorException(code: 0): PHP Request Shutdown: Sequence out of range (errflg=2) at Unknown:0)
[stacktrace]
#0 /var/www/html/vendor/laravel/framework/src/Illuminate/Foundation/Bootstrap/HandleExceptions.php(258): Illuminate\\Foundation\\Bootstrap\\HandleExceptions->handleError(8, 'PHP Request Shu...', 'Unknown', 0)
#1 [internal function]: Illuminate\\Foundation\\Bootstrap\\HandleExceptions->Illuminate\\Foundation\\Bootstrap\\{closure}(8, 'PHP Request Shu...', 'Unknown', 0)
#2 {main}
"} 
[2026-05-27 19:10:44] local.ERROR: PHP Request Shutdown: Sequence out of range (errflg=2) {"userId":1,"exception":"[object] (ErrorException(code: 0): PHP Request Shutdown: Sequence out of range (errflg=2) at Unknown:0)
[stacktrace]
#0 /var/www/html/vendor/laravel/framework/src/Illuminate/Foundation/Bootstrap/HandleExceptions.php(258): Illuminate\\Foundation\\Bootstrap\\HandleExceptions->handleError(8, 'PHP Request Shu...', 'Unknown', 0)
#1 [internal function]: Illuminate\\Foundation\\Bootstrap\\HandleExceptions->Illuminate\\Foundation\\Bootstrap\\{closure}(8, 'PHP Request Shu...', 'Unknown', 0)
#2 {main}
"} 
[2026-05-27 19:10:46] local.ERROR: PHP Request Shutdown: Sequence out of range (errflg=2) {"userId":1,"exception":"[object] (ErrorException(code: 0): PHP Request Shutdown: Sequence out of range (errflg=2) at Unknown:0)
[stacktrace]
#0 /var/www/html/vendor/laravel/framework/src/Illuminate/Foundation/Bootstrap/HandleExceptions.php(258): Illuminate\\Foundation\\Bootstrap\\HandleExceptions->handleError(8, 'PHP Request Shu...', 'Unknown', 0)
#1 [internal function]: Illuminate\\Foundation\\Bootstrap\\HandleExceptions->Illuminate\\Foundation\\Bootstrap\\{closure}(8, 'PHP Request Shu...', 'Unknown', 0)
#2 {main}
"} 
[2026-05-27 19:11:20] local.ERROR: PHP Request Shutdown: Sequence out of range (errflg=2) {"userId":1,"exception":"[object] (ErrorException(code: 0): PHP Request Shutdown: Sequence out of range (errflg=2) at Unknown:0)
[stacktrace]
#0 /var/www/html/vendor/laravel/framework/src/Illuminate/Foundation/Bootstrap/HandleExceptions.php(258): Illuminate\\Foundation\\Bootstrap\\HandleExceptions->handleError(8, 'PHP Request Shu...', 'Unknown', 0)
#1 [internal function]: Illuminate\\Foundation\\Bootstrap\\HandleExceptions->Illuminate\\Foundation\\Bootstrap\\{closure}(8, 'PHP Request Shu...', 'Unknown', 0)
#2 {main}
"} 
[2026-05-27 19:11:21] local.ERROR: PHP Request Shutdown: Sequence out of range (errflg=2) {"userId":1,"exception":"[object] (ErrorException(code: 0): PHP Request Shutdown: Sequence out of range (errflg=2) at Unknown:0)
[stacktrace]
#0 /var/www/html/vendor/laravel/framework/src/Illuminate/Foundation/Bootstrap/HandleExceptions.php(258): Illuminate\\Foundation\\Bootstrap\\HandleExceptions->handleError(8, 'PHP Request Shu...', 'Unknown', 0)
#1 [internal function]: Illuminate\\Foundation\\Bootstrap\\HandleExceptions->Illuminate\\Foundation\\Bootstrap\\{closure}(8, 'PHP Request Shu...', 'Unknown', 0)
#2 {main}
"} 
[2026-05-27 19:11:21] local.ERROR: PHP Request Shutdown: Sequence out of range (errflg=2) {"userId":1,"exception":"[object] (ErrorException(code: 0): PHP Request Shutdown: Sequence out of range (errflg=2) at Unknown:0)
[stacktrace]
#0 /var/www/html/vendor/laravel/framework/src/Illuminate/Foundation/Bootstrap/HandleExceptions.php(258): Illuminate\\Foundation\\Bootstrap\\HandleExceptions->handleError(8, 'PHP Request Shu...', 'Unknown', 0)
#1 [internal function]: Illuminate\\Foundation\\Bootstrap\\HandleExceptions->Illuminate\\Foundation\\Bootstrap\\{closure}(8, 'PHP Request Shu...', 'Unknown', 0)
#2 {main}
"} 
[2026-05-27 19:11:22] local.ERROR: PHP Request Shutdown: Sequence out of range (errflg=2) {"userId":1,"exception":"[object] (ErrorException(code: 0): PHP Request Shutdown: Sequence out of range (errflg=2) at Unknown:0)
[stacktrace]
#0 /var/www/html/vendor/laravel/framework/src/Illuminate/Foundation/Bootstrap/HandleExceptions.php(258): Illuminate\\Foundation\\Bootstrap\\HandleExceptions->handleError(8, 'PHP Request Shu...', 'Unknown', 0)
#1 [internal function]: Illuminate\\Foundation\\Bootstrap\\HandleExceptions->Illuminate\\Foundation\\Bootstrap\\{closure}(8, 'PHP Request Shu...', 'Unknown', 0)
#2 {main}
"} 
[2026-05-27 19:12:16] local.ERROR: PHP Request Shutdown: Sequence out of range (errflg=2) {"userId":1,"exception":"[object] (ErrorException(code: 0): PHP Request Shutdown: Sequence out of range (errflg=2) at Unknown:0)
[stacktrace]
#0 /var/www/html/vendor/laravel/framework/src/Illuminate/Foundation/Bootstrap/HandleExceptions.php(258): Illuminate\\Foundation\\Bootstrap\\HandleExceptions->handleError(8, 'PHP Request Shu...', 'Unknown', 0)
#1 [internal function]: Illuminate\\Foundation\\Bootstrap\\HandleExceptions->Illuminate\\Foundation\\Bootstrap\\{closure}(8, 'PHP Request Shu...', 'Unknown', 0)
#2 {main}
"} 
[2026-05-27 19:12:16] local.ERROR: PHP Request Shutdown: Sequence out of range (errflg=2) {"userId":1,"exception":"[object] (ErrorException(code: 0): PHP Request Shutdown: Sequence out of range (errflg=2) at Unknown:0)
[stacktrace]
#0 /var/www/html/vendor/laravel/framework/src/Illuminate/Foundation/Bootstrap/HandleExceptions.php(258): Illuminate\\Foundation\\Bootstrap\\HandleExceptions->handleError(8, 'PHP Request Shu...', 'Unknown', 0)
#1 [internal function]: Illuminate\\Foundation\\Bootstrap\\HandleExceptions->Illuminate\\Foundation\\Bootstrap\\{closure}(8, 'PHP Request Shu...', 'Unknown', 0)
#2 {main}
"} 
[2026-05-27 19:12:20] local.ERROR: PHP Request Shutdown: Sequence out of range (errflg=2) {"userId":1,"exception":"[object] (ErrorException(code: 0): PHP Request Shutdown: Sequence out of range (errflg=2) at Unknown:0)
[stacktrace]
#0 /var/www/html/vendor/laravel/framework/src/Illuminate/Foundation/Bootstrap/HandleExceptions.php(258): Illuminate\\Foundation\\Bootstrap\\HandleExceptions->handleError(8, 'PHP Request Shu...', 'Unknown', 0)
#1 [internal function]: Illuminate\\Foundation\\Bootstrap\\HandleExceptions->Illuminate\\Foundation\\Bootstrap\\{closure}(8, 'PHP Request Shu...', 'Unknown', 0)
#2 {main}
"} 
[2026-05-27 19:12:21] local.ERROR: PHP Request Shutdown: Sequence out of range (errflg=2) {"userId":1,"exception":"[object] (ErrorException(code: 0): PHP Request Shutdown: Sequence out of range (errflg=2) at Unknown:0)
[stacktrace]
#0 /var/www/html/vendor/laravel/framework/src/Illuminate/Foundation/Bootstrap/HandleExceptions.php(258): Illuminate\\Foundation\\Bootstrap\\HandleExceptions->handleError(8, 'PHP Request Shu...', 'Unknown', 0)
#1 [internal function]: Illuminate\\Foundation\\Bootstrap\\HandleExceptions->Illuminate\\Foundation\\Bootstrap\\{closure}(8, 'PHP Request Shu...', 'Unknown', 0)
#2 {main}
"} 
[2026-05-27 19:12:24] local.ERROR: PHP Request Shutdown: Sequence out of range (errflg=2) {"userId":1,"exception":"[object] (ErrorException(code: 0): PHP Request Shutdown: Sequence out of range (errflg=2) at Unknown:0)
[stacktrace]
#0 /var/www/html/vendor/laravel/framework/src/Illuminate/Foundation/Bootstrap/HandleExceptions.php(258): Illuminate\\Foundation\\Bootstrap\\HandleExceptions->handleError(8, 'PHP Request Shu...', 'Unknown', 0)
#1 [internal function]: Illuminate\\Foundation\\Bootstrap\\HandleExceptions->Illuminate\\Foundation\\Bootstrap\\{closure}(8, 'PHP Request Shu...', 'Unknown', 0)
#2 {main}
"} 
[2026-05-27 19:12:49] local.ERROR: PHP Request Shutdown: Sequence out of range (errflg=2) {"userId":1,"exception":"[object] (ErrorException(code: 0): PHP Request Shutdown: Sequence out of range (errflg=2) at Unknown:0)
[stacktrace]
#0 /var/www/html/vendor/laravel/framework/src/Illuminate/Foundation/Bootstrap/HandleExceptions.php(258): Illuminate\\Foundation\\Bootstrap\\HandleExceptions->handleError(8, 'PHP Request Shu...', 'Unknown', 0)
#1 [internal function]: Illuminate\\Foundation\\Bootstrap\\HandleExceptions->Illuminate\\Foundation\\Bootstrap\\{closure}(8, 'PHP Request Shu...', 'Unknown', 0)
#2 {main}
"} 
[2026-05-27 19:12:54] local.ERROR: PHP Request Shutdown: Sequence out of range (errflg=2) {"userId":1,"exception":"[object] (ErrorException(code: 0): PHP Request Shutdown: Sequence out of range (errflg=2) at Unknown:0)
[stacktrace]
#0 /var/www/html/vendor/laravel/framework/src/Illuminate/Foundation/Bootstrap/HandleExceptions.php(258): Illuminate\\Foundation\\Bootstrap\\HandleExceptions->handleError(8, 'PHP Request Shu...', 'Unknown', 0)
#1 [internal function]: Illuminate\\Foundation\\Bootstrap\\HandleExceptions->Illuminate\\Foundation\\Bootstrap\\{closure}(8, 'PHP Request Shu...', 'Unknown', 0)
#2 {main}
"} 
[2026-05-27 19:12:56] local.ERROR: PHP Request Shutdown: Sequence out of range (errflg=2) {"userId":1,"exception":"[object] (ErrorException(code: 0): PHP Request Shutdown: Sequence out of range (errflg=2) at Unknown:0)
[stacktrace]
#0 /var/www/html/vendor/laravel/framework/src/Illuminate/Foundation/Bootstrap/HandleExceptions.php(258): Illuminate\\Foundation\\Bootstrap\\HandleExceptions->handleError(8, 'PHP Request Shu...', 'Unknown', 0)
#1 [internal function]: Illuminate\\Foundation\\Bootstrap\\HandleExceptions->Illuminate\\Foundation\\Bootstrap\\{closure}(8, 'PHP Request Shu...', 'Unknown', 0)
#2 {main}
"} 
[2026-05-27 19:12:57] local.ERROR: PHP Request Shutdown: Sequence out of range (errflg=2) {"userId":1,"exception":"[object] (ErrorException(code: 0): PHP Request Shutdown: Sequence out of range (errflg=2) at Unknown:0)
[stacktrace]
#0 /var/www/html/vendor/laravel/framework/src/Illuminate/Foundation/Bootstrap/HandleExceptions.php(258): Illuminate\\Foundation\\Bootstrap\\HandleExceptions->handleError(8, 'PHP Request Shu...', 'Unknown', 0)
#1 [internal function]: Illuminate\\Foundation\\Bootstrap\\HandleExceptions->Illuminate\\Foundation\\Bootstrap\\{closure}(8, 'PHP Request Shu...', 'Unknown', 0)
#2 {main}
"} 
[2026-05-27 19:12:58] local.ERROR: PHP Request Shutdown: Sequence out of range (errflg=2) {"userId":1,"exception":"[object] (ErrorException(code: 0): PHP Request Shutdown: Sequence out of range (errflg=2) at Unknown:0)
[stacktrace]
#0 /var/www/html/vendor/laravel/framework/src/Illuminate/Foundation/Bootstrap/HandleExceptions.php(258): Illuminate\\Foundation\\Bootstrap\\HandleExceptions->handleError(8, 'PHP Request Shu...', 'Unknown', 0)
#1 [internal function]: Illuminate\\Foundation\\Bootstrap\\HandleExceptions->Illuminate\\Foundation\\Bootstrap\\{closure}(8, 'PHP Request Shu...', 'Unknown', 0)
#2 {main}
"} 
[2026-05-27 19:13:01] local.ERROR: PHP Request Shutdown: Sequence out of range (errflg=2) {"userId":1,"exception":"[object] (ErrorException(code: 0): PHP Request Shutdown: Sequence out of range (errflg=2) at Unknown:0)
[stacktrace]
#0 /var/www/html/vendor/laravel/framework/src/Illuminate/Foundation/Bootstrap/HandleExceptions.php(258): Illuminate\\Foundation\\Bootstrap\\HandleExceptions->handleError(8, 'PHP Request Shu...', 'Unknown', 0)
#1 [internal function]: Illuminate\\Foundation\\Bootstrap\\HandleExceptions->Illuminate\\Foundation\\Bootstrap\\{closure}(8, 'PHP Request Shu...', 'Unknown', 0)
#2 {main}
"} 
[2026-05-27 19:13:23] local.ERROR: PHP Request Shutdown: Sequence out of range (errflg=2) {"userId":1,"exception":"[object] (ErrorException(code: 0): PHP Request Shutdown: Sequence out of range (errflg=2) at Unknown:0)
[stacktrace]
#0 /var/www/html/vendor/laravel/framework/src/Illuminate/Foundation/Bootstrap/HandleExceptions.php(258): Illuminate\\Foundation\\Bootstrap\\HandleExceptions->handleError(8, 'PHP Request Shu...', 'Unknown', 0)
#1 [internal function]: Illuminate\\Foundation\\Bootstrap\\HandleExceptions->Illuminate\\Foundation\\Bootstrap\\{closure}(8, 'PHP Request Shu...', 'Unknown', 0)
#2 {main}
"} 
[2026-05-27 19:13:31] local.ERROR: PHP Request Shutdown: Sequence out of range (errflg=2) {"userId":1,"exception":"[object] (ErrorException(code: 0): PHP Request Shutdown: Sequence out of range (errflg=2) at Unknown:0)
[stacktrace]
#0 /var/www/html/vendor/laravel/framework/src/Illuminate/Foundation/Bootstrap/HandleExceptions.php(258): Illuminate\\Foundation\\Bootstrap\\HandleExceptions->handleError(8, 'PHP Request Shu...', 'Unknown', 0)
#1 [internal function]: Illuminate\\Foundation\\Bootstrap\\HandleExceptions->Illuminate\\Foundation\\Bootstrap\\{closure}(8, 'PHP Request Shu...', 'Unknown', 0)
#2 {main}
"} 
[2026-05-27 19:13:44] local.ERROR: PHP Request Shutdown: Sequence out of range (errflg=2) {"userId":1,"exception":"[object] (ErrorException(code: 0): PHP Request Shutdown: Sequence out of range (errflg=2) at Unknown:0)
[stacktrace]
#0 /var/www/html/vendor/laravel/framework/src/Illuminate/Foundation/Bootstrap/HandleExceptions.php(258): Illuminate\\Foundation\\Bootstrap\\HandleExceptions->handleError(8, 'PHP Request Shu...', 'Unknown', 0)
#1 [internal function]: Illuminate\\Foundation\\Bootstrap\\HandleExceptions->Illuminate\\Foundation\\Bootstrap\\{closure}(8, 'PHP Request Shu...', 'Unknown', 0)
#2 {main}
"} 
[2026-05-27 19:13:51] local.ERROR: PHP Request Shutdown: Sequence out of range (errflg=2) {"userId":1,"exception":"[object] (ErrorException(code: 0): PHP Request Shutdown: Sequence out of range (errflg=2) at Unknown:0)
[stacktrace]
#0 /var/www/html/vendor/laravel/framework/src/Illuminate/Foundation/Bootstrap/HandleExceptions.php(258): Illuminate\\Foundation\\Bootstrap\\HandleExceptions->handleError(8, 'PHP Request Shu...', 'Unknown', 0)
#1 [internal function]: Illuminate\\Foundation\\Bootstrap\\HandleExceptions->Illuminate\\Foundation\\Bootstrap\\{closure}(8, 'PHP Request Shu...', 'Unknown', 0)
#2 {main}
"} 
[2026-05-27 19:13:56] local.ERROR: PHP Request Shutdown: Sequence out of range (errflg=2) {"userId":1,"exception":"[object] (ErrorException(code: 0): PHP Request Shutdown: Sequence out of range (errflg=2) at Unknown:0)
[stacktrace]
#0 /var/www/html/vendor/laravel/framework/src/Illuminate/Foundation/Bootstrap/HandleExceptions.php(258): Illuminate\\Foundation\\Bootstrap\\HandleExceptions->handleError(8, 'PHP Request Shu...', 'Unknown', 0)
#1 [internal function]: Illuminate\\Foundation\\Bootstrap\\HandleExceptions->Illuminate\\Foundation\\Bootstrap\\{closure}(8, 'PHP Request Shu...', 'Unknown', 0)
#2 {main}
"} 
[2026-05-27 19:13:58] local.ERROR: PHP Request Shutdown: Sequence out of range (errflg=2) {"userId":1,"exception":"[object] (ErrorException(code: 0): PHP Request Shutdown: Sequence out of range (errflg=2) at Unknown:0)
[stacktrace]
#0 /var/www/html/vendor/laravel/framework/src/Illuminate/Foundation/Bootstrap/HandleExceptions.php(258): Illuminate\\Foundation\\Bootstrap\\HandleExceptions->handleError(8, 'PHP Request Shu...', 'Unknown', 0)
#1 [internal function]: Illuminate\\Foundation\\Bootstrap\\HandleExceptions->Illuminate\\Foundation\\Bootstrap\\{closure}(8, 'PHP Request Shu...', 'Unknown', 0)
#2 {main}
"} 
[2026-05-27 19:13:59] local.ERROR: PHP Request Shutdown: Sequence out of range (errflg=2) {"userId":1,"exception":"[object] (ErrorException(code: 0): PHP Request Shutdown: Sequence out of range (errflg=2) at Unknown:0)
[stacktrace]
#0 /var/www/html/vendor/laravel/framework/src/Illuminate/Foundation/Bootstrap/HandleExceptions.php(258): Illuminate\\Foundation\\Bootstrap\\HandleExceptions->handleError(8, 'PHP Request Shu...', 'Unknown', 0)
#1 [internal function]: Illuminate\\Foundation\\Bootstrap\\HandleExceptions->Illuminate\\Foundation\\Bootstrap\\{closure}(8, 'PHP Request Shu...', 'Unknown', 0)
#2 {main}
"} 
[2026-05-27 19:14:00] local.ERROR: PHP Request Shutdown: Sequence out of range (errflg=2) {"userId":1,"exception":"[object] (ErrorException(code: 0): PHP Request Shutdown: Sequence out of range (errflg=2) at Unknown:0)
[stacktrace]
#0 /var/www/html/vendor/laravel/framework/src/Illuminate/Foundation/Bootstrap/HandleExceptions.php(258): Illuminate\\Foundation\\Bootstrap\\HandleExceptions->handleError(8, 'PHP Request Shu...', 'Unknown', 0)
#1 [internal function]: Illuminate\\Foundation\\Bootstrap\\HandleExceptions->Illuminate\\Foundation\\Bootstrap\\{closure}(8, 'PHP Request Shu...', 'Unknown', 0)
#2 {main}
"} 
[2026-05-27 19:14:00] local.ERROR: PHP Request Shutdown: Sequence out of range (errflg=2) {"userId":1,"exception":"[object] (ErrorException(code: 0): PHP Request Shutdown: Sequence out of range (errflg=2) at Unknown:0)
[stacktrace]
#0 /var/www/html/vendor/laravel/framework/src/Illuminate/Foundation/Bootstrap/HandleExceptions.php(258): Illuminate\\Foundation\\Bootstrap\\HandleExceptions->handleError(8, 'PHP Request Shu...', 'Unknown', 0)
#1 [internal function]: Illuminate\\Foundation\\Bootstrap\\HandleExceptions->Illuminate\\Foundation\\Bootstrap\\{closure}(8, 'PHP Request Shu...', 'Unknown', 0)
#2 {main}
"} 
[2026-05-27 19:14:10] local.ERROR: PHP Request Shutdown: Sequence out of range (errflg=2) {"userId":1,"exception":"[object] (ErrorException(code: 0): PHP Request Shutdown: Sequence out of range (errflg=2) at Unknown:0)
[stacktrace]
#0 /var/www/html/vendor/laravel/framework/src/Illuminate/Foundation/Bootstrap/HandleExceptions.php(258): Illuminate\\Foundation\\Bootstrap\\HandleExceptions->handleError(8, 'PHP Request Shu...', 'Unknown', 0)
#1 [internal function]: Illuminate\\Foundation\\Bootstrap\\HandleExceptions->Illuminate\\Foundation\\Bootstrap\\{closure}(8, 'PHP Request Shu...', 'Unknown', 0)
#2 {main}
"} 
[2026-05-27 19:14:21] local.ERROR: PHP Request Shutdown: Sequence out of range (errflg=2) {"userId":1,"exception":"[object] (ErrorException(code: 0): PHP Request Shutdown: Sequence out of range (errflg=2) at Unknown:0)
[stacktrace]
#0 /var/www/html/vendor/laravel/framework/src/Illuminate/Foundation/Bootstrap/HandleExceptions.php(258): Illuminate\\Foundation\\Bootstrap\\HandleExceptions->handleError(8, 'PHP Request Shu...', 'Unknown', 0)
#1 [internal function]: Illuminate\\Foundation\\Bootstrap\\HandleExceptions->Illuminate\\Foundation\\Bootstrap\\{closure}(8, 'PHP Request Shu...', 'Unknown', 0)
#2 {main}
"} 
[2026-05-27 19:14:22] local.ERROR: PHP Request Shutdown: Sequence out of range (errflg=2) {"userId":1,"exception":"[object] (ErrorException(code: 0): PHP Request Shutdown: Sequence out of range (errflg=2) at Unknown:0)
[stacktrace]
#0 /var/www/html/vendor/laravel/framework/src/Illuminate/Foundation/Bootstrap/HandleExceptions.php(258): Illuminate\\Foundation\\Bootstrap\\HandleExceptions->handleError(8, 'PHP Request Shu...', 'Unknown', 0)
#1 [internal function]: Illuminate\\Foundation\\Bootstrap\\HandleExceptions->Illuminate\\Foundation\\Bootstrap\\{closure}(8, 'PHP Request Shu...', 'Unknown', 0)
#2 {main}
"} 
[2026-05-27 19:14:23] local.ERROR: PHP Request Shutdown: Sequence out of range (errflg=2) {"userId":1,"exception":"[object] (ErrorException(code: 0): PHP Request Shutdown: Sequence out of range (errflg=2) at Unknown:0)
[stacktrace]
#0 /var/www/html/vendor/laravel/framework/src/Illuminate/Foundation/Bootstrap/HandleExceptions.php(258): Illuminate\\Foundation\\Bootstrap\\HandleExceptions->handleError(8, 'PHP Request Shu...', 'Unknown', 0)
#1 [internal function]: Illuminate\\Foundation\\Bootstrap\\HandleExceptions->Illuminate\\Foundation\\Bootstrap\\{closure}(8, 'PHP Request Shu...', 'Unknown', 0)
#2 {main}
"} 
[2026-05-27 19:14:24] local.ERROR: PHP Request Shutdown: Sequence out of range (errflg=2) {"userId":1,"exception":"[object] (ErrorException(code: 0): PHP Request Shutdown: Sequence out of range (errflg=2) at Unknown:0)
[stacktrace]
#0 /var/www/html/vendor/laravel/framework/src/Illuminate/Foundation/Bootstrap/HandleExceptions.php(258): Illuminate\\Foundation\\Bootstrap\\HandleExceptions->handleError(8, 'PHP Request Shu...', 'Unknown', 0)
#1 [internal function]: Illuminate\\Foundation\\Bootstrap\\HandleExceptions->Illuminate\\Foundation\\Bootstrap\\{closure}(8, 'PHP Request Shu...', 'Unknown', 0)
#2 {main}
"} 
[2026-05-27 19:14:24] local.ERROR: PHP Request Shutdown: Sequence out of range (errflg=2) {"userId":1,"exception":"[object] (ErrorException(code: 0): PHP Request Shutdown: Sequence out of range (errflg=2) at Unknown:0)
[stacktrace]
#0 /var/www/html/vendor/laravel/framework/src/Illuminate/Foundation/Bootstrap/HandleExceptions.php(258): Illuminate\\Foundation\\Bootstrap\\HandleExceptions->handleError(8, 'PHP Request Shu...', 'Unknown', 0)
#1 [internal function]: Illuminate\\Foundation\\Bootstrap\\HandleExceptions->Illuminate\\Foundation\\Bootstrap\\{closure}(8, 'PHP Request Shu...', 'Unknown', 0)
#2 {main}
"} 
[2026-05-27 19:14:31] local.ERROR: PHP Request Shutdown: Sequence out of range (errflg=2) {"userId":1,"exception":"[object] (ErrorException(code: 0): PHP Request Shutdown: Sequence out of range (errflg=2) at Unknown:0)
[stacktrace]
#0 /var/www/html/vendor/laravel/framework/src/Illuminate/Foundation/Bootstrap/HandleExceptions.php(258): Illuminate\\Foundation\\Bootstrap\\HandleExceptions->handleError(8, 'PHP Request Shu...', 'Unknown', 0)
#1 [internal function]: Illuminate\\Foundation\\Bootstrap\\HandleExceptions->Illuminate\\Foundation\\Bootstrap\\{closure}(8, 'PHP Request Shu...', 'Unknown', 0)
#2 {main}
"} 
[2026-05-27 19:14:37] local.ERROR: PHP Request Shutdown: Sequence out of range (errflg=2) {"userId":1,"exception":"[object] (ErrorException(code: 0): PHP Request Shutdown: Sequence out of range (errflg=2) at Unknown:0)
[stacktrace]
#0 /var/www/html/vendor/laravel/framework/src/Illuminate/Foundation/Bootstrap/HandleExceptions.php(258): Illuminate\\Foundation\\Bootstrap\\HandleExceptions->handleError(8, 'PHP Request Shu...', 'Unknown', 0)
#1 [internal function]: Illuminate\\Foundation\\Bootstrap\\HandleExceptions->Illuminate\\Foundation\\Bootstrap\\{closure}(8, 'PHP Request Shu...', 'Unknown', 0)
#2 {main}
"} 
[2026-05-27 19:14:43] local.ERROR: PHP Request Shutdown: Sequence out of range (errflg=2) {"userId":1,"exception":"[object] (ErrorException(code: 0): PHP Request Shutdown: Sequence out of range (errflg=2) at Unknown:0)
[stacktrace]
#0 /var/www/html/vendor/laravel/framework/src/Illuminate/Foundation/Bootstrap/HandleExceptions.php(258): Illuminate\\Foundation\\Bootstrap\\HandleExceptions->handleError(8, 'PHP Request Shu...', 'Unknown', 0)
#1 [internal function]: Illuminate\\Foundation\\Bootstrap\\HandleExceptions->Illuminate\\Foundation\\Bootstrap\\{closure}(8, 'PHP Request Shu...', 'Unknown', 0)
#2 {main}
"} 
[2026-05-27 19:15:09] local.ERROR: PHP Request Shutdown: Sequence out of range (errflg=2) {"userId":1,"exception":"[object] (ErrorException(code: 0): PHP Request Shutdown: Sequence out of range (errflg=2) at Unknown:0)
[stacktrace]
#0 /var/www/html/vendor/laravel/framework/src/Illuminate/Foundation/Bootstrap/HandleExceptions.php(258): Illuminate\\Foundation\\Bootstrap\\HandleExceptions->handleError(8, 'PHP Request Shu...', 'Unknown', 0)
#1 [internal function]: Illuminate\\Foundation\\Bootstrap\\HandleExceptions->Illuminate\\Foundation\\Bootstrap\\{closure}(8, 'PHP Request Shu...', 'Unknown', 0)
#2 {main}
"} 
[2026-05-27 19:16:47] local.ERROR: PHP Request Shutdown: Sequence out of range (errflg=2) {"userId":1,"exception":"[object] (ErrorException(code: 0): PHP Request Shutdown: Sequence out of range (errflg=2) at Unknown:0)
[stacktrace]
#0 /var/www/html/vendor/laravel/framework/src/Illuminate/Foundation/Bootstrap/HandleExceptions.php(258): Illuminate\\Foundation\\Bootstrap\\HandleExceptions->handleError(8, 'PHP Request Shu...', 'Unknown', 0)
#1 [internal function]: Illuminate\\Foundation\\Bootstrap\\HandleExceptions->Illuminate\\Foundation\\Bootstrap\\{closure}(8, 'PHP Request Shu...', 'Unknown', 0)
#2 {main}
"} 
[2026-05-27 19:16:52] local.ERROR: PHP Request Shutdown: Sequence out of range (errflg=2) {"userId":1,"exception":"[object] (ErrorException(code: 0): PHP Request Shutdown: Sequence out of range (errflg=2) at Unknown:0)
[stacktrace]
#0 /var/www/html/vendor/laravel/framework/src/Illuminate/Foundation/Bootstrap/HandleExceptions.php(258): Illuminate\\Foundation\\Bootstrap\\HandleExceptions->handleError(8, 'PHP Request Shu...', 'Unknown', 0)
#1 [internal function]: Illuminate\\Foundation\\Bootstrap\\HandleExceptions->Illuminate\\Foundation\\Bootstrap\\{closure}(8, 'PHP Request Shu...', 'Unknown', 0)
#2 {main}
"} 
[2026-05-27 19:16:54] local.ERROR: PHP Request Shutdown: Sequence out of range (errflg=2) {"userId":1,"exception":"[object] (ErrorException(code: 0): PHP Request Shutdown: Sequence out of range (errflg=2) at Unknown:0)
[stacktrace]
#0 /var/www/html/vendor/laravel/framework/src/Illuminate/Foundation/Bootstrap/HandleExceptions.php(258): Illuminate\\Foundation\\Bootstrap\\HandleExceptions->handleError(8, 'PHP Request Shu...', 'Unknown', 0)
#1 [internal function]: Illuminate\\Foundation\\Bootstrap\\HandleExceptions->Illuminate\\Foundation\\Bootstrap\\{closure}(8, 'PHP Request Shu...', 'Unknown', 0)
#2 {main}
"} 
[2026-05-27 19:21:35] local.ERROR: PHP Request Shutdown: Sequence out of range (errflg=2) {"userId":1,"exception":"[object] (ErrorException(code: 0): PHP Request Shutdown: Sequence out of range (errflg=2) at Unknown:0)
[stacktrace]
#0 /var/www/html/vendor/laravel/framework/src/Illuminate/Foundation/Bootstrap/HandleExceptions.php(258): Illuminate\\Foundation\\Bootstrap\\HandleExceptions->handleError(8, 'PHP Request Shu...', 'Unknown', 0)
#1 [internal function]: Illuminate\\Foundation\\Bootstrap\\HandleExceptions->Illuminate\\Foundation\\Bootstrap\\{closure}(8, 'PHP Request Shu...', 'Unknown', 0)
#2 {main}
"} 
[2026-05-27 19:21:36] local.ERROR: PHP Request Shutdown: Sequence out of range (errflg=2) {"userId":1,"exception":"[object] (ErrorException(code: 0): PHP Request Shutdown: Sequence out of range (errflg=2) at Unknown:0)
[stacktrace]
#0 /var/www/html/vendor/laravel/framework/src/Illuminate/Foundation/Bootstrap/HandleExceptions.php(258): Illuminate\\Foundation\\Bootstrap\\HandleExceptions->handleError(8, 'PHP Request Shu...', 'Unknown', 0)
#1 [internal function]: Illuminate\\Foundation\\Bootstrap\\HandleExceptions->Illuminate\\Foundation\\Bootstrap\\{closure}(8, 'PHP Request Shu...', 'Unknown', 0)
#2 {main}
"} 
[2026-05-27 19:21:37] local.ERROR: PHP Request Shutdown: Sequence out of range (errflg=2) {"userId":1,"exception":"[object] (ErrorException(code: 0): PHP Request Shutdown: Sequence out of range (errflg=2) at Unknown:0)
[stacktrace]
#0 /var/www/html/vendor/laravel/framework/src/Illuminate/Foundation/Bootstrap/HandleExceptions.php(258): Illuminate\\Foundation\\Bootstrap\\HandleExceptions->handleError(8, 'PHP Request Shu...', 'Unknown', 0)
#1 [internal function]: Illuminate\\Foundation\\Bootstrap\\HandleExceptions->Illuminate\\Foundation\\Bootstrap\\{closure}(8, 'PHP Request Shu...', 'Unknown', 0)
#2 {main}
"} 
[2026-05-27 19:21:37] local.ERROR: PHP Request Shutdown: Sequence out of range (errflg=2) {"userId":1,"exception":"[object] (ErrorException(code: 0): PHP Request Shutdown: Sequence out of range (errflg=2) at Unknown:0)
[stacktrace]
#0 /var/www/html/vendor/laravel/framework/src/Illuminate/Foundation/Bootstrap/HandleExceptions.php(258): Illuminate\\Foundation\\Bootstrap\\HandleExceptions->handleError(8, 'PHP Request Shu...', 'Unknown', 0)
#1 [internal function]: Illuminate\\Foundation\\Bootstrap\\HandleExceptions->Illuminate\\Foundation\\Bootstrap\\{closure}(8, 'PHP Request Shu...', 'Unknown', 0)
#2 {main}
"} 
[2026-05-27 19:21:37] local.ERROR: PHP Request Shutdown: Sequence out of range (errflg=2) {"userId":1,"exception":"[object] (ErrorException(code: 0): PHP Request Shutdown: Sequence out of range (errflg=2) at Unknown:0)
[stacktrace]
#0 /var/www/html/vendor/laravel/framework/src/Illuminate/Foundation/Bootstrap/HandleExceptions.php(258): Illuminate\\Foundation\\Bootstrap\\HandleExceptions->handleError(8, 'PHP Request Shu...', 'Unknown', 0)
#1 [internal function]: Illuminate\\Foundation\\Bootstrap\\HandleExceptions->Illuminate\\Foundation\\Bootstrap\\{closure}(8, 'PHP Request Shu...', 'Unknown', 0)
#2 {main}
"} 
[2026-05-27 19:22:07] local.ERROR: PHP Request Shutdown: Sequence out of range (errflg=2) {"userId":1,"exception":"[object] (ErrorException(code: 0): PHP Request Shutdown: Sequence out of range (errflg=2) at Unknown:0)
[stacktrace]
#0 /var/www/html/vendor/laravel/framework/src/Illuminate/Foundation/Bootstrap/HandleExceptions.php(258): Illuminate\\Foundation\\Bootstrap\\HandleExceptions->handleError(8, 'PHP Request Shu...', 'Unknown', 0)
#1 [internal function]: Illuminate\\Foundation\\Bootstrap\\HandleExceptions->Illuminate\\Foundation\\Bootstrap\\{closure}(8, 'PHP Request Shu...', 'Unknown', 0)
#2 {main}
"} 
[2026-05-27 19:22:18] local.ERROR: PHP Request Shutdown: Sequence out of range (errflg=2) {"userId":1,"exception":"[object] (ErrorException(code: 0): PHP Request Shutdown: Sequence out of range (errflg=2) at Unknown:0)
[stacktrace]
#0 /var/www/html/vendor/laravel/framework/src/Illuminate/Foundation/Bootstrap/HandleExceptions.php(258): Illuminate\\Foundation\\Bootstrap\\HandleExceptions->handleError(8, 'PHP Request Shu...', 'Unknown', 0)
#1 [internal function]: Illuminate\\Foundation\\Bootstrap\\HandleExceptions->Illuminate\\Foundation\\Bootstrap\\{closure}(8, 'PHP Request Shu...', 'Unknown', 0)
#2 {main}
"} 
[2026-05-27 19:22:20] local.ERROR: PHP Request Shutdown: Sequence out of range (errflg=2) {"userId":1,"exception":"[object] (ErrorException(code: 0): PHP Request Shutdown: Sequence out of range (errflg=2) at Unknown:0)
[stacktrace]
#0 /var/www/html/vendor/laravel/framework/src/Illuminate/Foundation/Bootstrap/HandleExceptions.php(258): Illuminate\\Foundation\\Bootstrap\\HandleExceptions->handleError(8, 'PHP Request Shu...', 'Unknown', 0)
#1 [internal function]: Illuminate\\Foundation\\Bootstrap\\HandleExceptions->Illuminate\\Foundation\\Bootstrap\\{closure}(8, 'PHP Request Shu...', 'Unknown', 0)
#2 {main}
"} 
[2026-05-27 19:22:20] local.ERROR: PHP Request Shutdown: Sequence out of range (errflg=2) {"userId":1,"exception":"[object] (ErrorException(code: 0): PHP Request Shutdown: Sequence out of range (errflg=2) at Unknown:0)
[stacktrace]
#0 /var/www/html/vendor/laravel/framework/src/Illuminate/Foundation/Bootstrap/HandleExceptions.php(258): Illuminate\\Foundation\\Bootstrap\\HandleExceptions->handleError(8, 'PHP Request Shu...', 'Unknown', 0)
#1 [internal function]: Illuminate\\Foundation\\Bootstrap\\HandleExceptions->Illuminate\\Foundation\\Bootstrap\\{closure}(8, 'PHP Request Shu...', 'Unknown', 0)
#2 {main}
"} 
[2026-05-27 19:22:21] local.ERROR: PHP Request Shutdown: Sequence out of range (errflg=2) {"userId":1,"exception":"[object] (ErrorException(code: 0): PHP Request Shutdown: Sequence out of range (errflg=2) at Unknown:0)
[stacktrace]
#0 /var/www/html/vendor/laravel/framework/src/Illuminate/Foundation/Bootstrap/HandleExceptions.php(258): Illuminate\\Foundation\\Bootstrap\\HandleExceptions->handleError(8, 'PHP Request Shu...', 'Unknown', 0)
#1 [internal function]: Illuminate\\Foundation\\Bootstrap\\HandleExceptions->Illuminate\\Foundation\\Bootstrap\\{closure}(8, 'PHP Request Shu...', 'Unknown', 0)
#2 {main}
"} 
[2026-05-27 19:22:21] local.ERROR: PHP Request Shutdown: Sequence out of range (errflg=2) {"userId":1,"exception":"[object] (ErrorException(code: 0): PHP Request Shutdown: Sequence out of range (errflg=2) at Unknown:0)
[stacktrace]
#0 /var/www/html/vendor/laravel/framework/src/Illuminate/Foundation/Bootstrap/HandleExceptions.php(258): Illuminate\\Foundation\\Bootstrap\\HandleExceptions->handleError(8, 'PHP Request Shu...', 'Unknown', 0)
#1 [internal function]: Illuminate\\Foundation\\Bootstrap\\HandleExceptions->Illuminate\\Foundation\\Bootstrap\\{closure}(8, 'PHP Request Shu...', 'Unknown', 0)
#2 {main}
"} 
[2026-05-27 19:28:03] local.ERROR: PHP Request Shutdown: Sequence out of range (errflg=2) {"userId":1,"exception":"[object] (ErrorException(code: 0): PHP Request Shutdown: Sequence out of range (errflg=2) at Unknown:0)
[stacktrace]
#0 /var/www/html/vendor/laravel/framework/src/Illuminate/Foundation/Bootstrap/HandleExceptions.php(258): Illuminate\\Foundation\\Bootstrap\\HandleExceptions->handleError(8, 'PHP Request Shu...', 'Unknown', 0)
#1 [internal function]: Illuminate\\Foundation\\Bootstrap\\HandleExceptions->Illuminate\\Foundation\\Bootstrap\\{closure}(8, 'PHP Request Shu...', 'Unknown', 0)
#2 {main}
"} 
[2026-05-27 19:28:05] local.ERROR: PHP Request Shutdown: Sequence out of range (errflg=2) {"userId":1,"exception":"[object] (ErrorException(code: 0): PHP Request Shutdown: Sequence out of range (errflg=2) at Unknown:0)
[stacktrace]
#0 /var/www/html/vendor/laravel/framework/src/Illuminate/Foundation/Bootstrap/HandleExceptions.php(258): Illuminate\\Foundation\\Bootstrap\\HandleExceptions->handleError(8, 'PHP Request Shu...', 'Unknown', 0)
#1 [internal function]: Illuminate\\Foundation\\Bootstrap\\HandleExceptions->Illuminate\\Foundation\\Bootstrap\\{closure}(8, 'PHP Request Shu...', 'Unknown', 0)
#2 {main}
"} 
[2026-05-27 19:28:05] local.ERROR: PHP Request Shutdown: Sequence out of range (errflg=2) {"userId":1,"exception":"[object] (ErrorException(code: 0): PHP Request Shutdown: Sequence out of range (errflg=2) at Unknown:0)
[stacktrace]
#0 /var/www/html/vendor/laravel/framework/src/Illuminate/Foundation/Bootstrap/HandleExceptions.php(258): Illuminate\\Foundation\\Bootstrap\\HandleExceptions->handleError(8, 'PHP Request Shu...', 'Unknown', 0)
#1 [internal function]: Illuminate\\Foundation\\Bootstrap\\HandleExceptions->Illuminate\\Foundation\\Bootstrap\\{closure}(8, 'PHP Request Shu...', 'Unknown', 0)
#2 {main}
"} 
[2026-05-27 19:28:06] local.ERROR: PHP Request Shutdown: Sequence out of range (errflg=2) {"userId":1,"exception":"[object] (ErrorException(code: 0): PHP Request Shutdown: Sequence out of range (errflg=2) at Unknown:0)
[stacktrace]
#0 /var/www/html/vendor/laravel/framework/src/Illuminate/Foundation/Bootstrap/HandleExceptions.php(258): Illuminate\\Foundation\\Bootstrap\\HandleExceptions->handleError(8, 'PHP Request Shu...', 'Unknown', 0)
#1 [internal function]: Illuminate\\Foundation\\Bootstrap\\HandleExceptions->Illuminate\\Foundation\\Bootstrap\\{closure}(8, 'PHP Request Shu...', 'Unknown', 0)
#2 {main}
"} 
[2026-05-27 19:28:10] local.ERROR: PHP Request Shutdown: Sequence out of range (errflg=2) {"userId":1,"exception":"[object] (ErrorException(code: 0): PHP Request Shutdown: Sequence out of range (errflg=2) at Unknown:0)
[stacktrace]
#0 /var/www/html/vendor/laravel/framework/src/Illuminate/Foundation/Bootstrap/HandleExceptions.php(258): Illuminate\\Foundation\\Bootstrap\\HandleExceptions->handleError(8, 'PHP Request Shu...', 'Unknown', 0)
#1 [internal function]: Illuminate\\Foundation\\Bootstrap\\HandleExceptions->Illuminate\\Foundation\\Bootstrap\\{closure}(8, 'PHP Request Shu...', 'Unknown', 0)
#2 {main}
"} 
[2026-05-27 19:28:46] local.ERROR: PHP Request Shutdown: Sequence out of range (errflg=2) {"userId":1,"exception":"[object] (ErrorException(code: 0): PHP Request Shutdown: Sequence out of range (errflg=2) at Unknown:0)
[stacktrace]
#0 /var/www/html/vendor/laravel/framework/src/Illuminate/Foundation/Bootstrap/HandleExceptions.php(258): Illuminate\\Foundation\\Bootstrap\\HandleExceptions->handleError(8, 'PHP Request Shu...', 'Unknown', 0)
#1 [internal function]: Illuminate\\Foundation\\Bootstrap\\HandleExceptions->Illuminate\\Foundation\\Bootstrap\\{closure}(8, 'PHP Request Shu...', 'Unknown', 0)
#2 {main}
"} 
[2026-05-27 19:28:47] local.ERROR: PHP Request Shutdown: Sequence out of range (errflg=2) {"userId":1,"exception":"[object] (ErrorException(code: 0): PHP Request Shutdown: Sequence out of range (errflg=2) at Unknown:0)
[stacktrace]
#0 /var/www/html/vendor/laravel/framework/src/Illuminate/Foundation/Bootstrap/HandleExceptions.php(258): Illuminate\\Foundation\\Bootstrap\\HandleExceptions->handleError(8, 'PHP Request Shu...', 'Unknown', 0)
#1 [internal function]: Illuminate\\Foundation\\Bootstrap\\HandleExceptions->Illuminate\\Foundation\\Bootstrap\\{closure}(8, 'PHP Request Shu...', 'Unknown', 0)
#2 {main}
"} 
[2026-05-27 19:28:49] local.ERROR: PHP Request Shutdown: Sequence out of range (errflg=2) {"userId":1,"exception":"[object] (ErrorException(code: 0): PHP Request Shutdown: Sequence out of range (errflg=2) at Unknown:0)
[stacktrace]
#0 /var/www/html/vendor/laravel/framework/src/Illuminate/Foundation/Bootstrap/HandleExceptions.php(258): Illuminate\\Foundation\\Bootstrap\\HandleExceptions->handleError(8, 'PHP Request Shu...', 'Unknown', 0)
#1 [internal function]: Illuminate\\Foundation\\Bootstrap\\HandleExceptions->Illuminate\\Foundation\\Bootstrap\\{closure}(8, 'PHP Request Shu...', 'Unknown', 0)
#2 {main}
"} 
[2026-05-27 19:28:50] local.ERROR: PHP Request Shutdown: Sequence out of range (errflg=2) {"userId":1,"exception":"[object] (ErrorException(code: 0): PHP Request Shutdown: Sequence out of range (errflg=2) at Unknown:0)
[stacktrace]
#0 /var/www/html/vendor/laravel/framework/src/Illuminate/Foundation/Bootstrap/HandleExceptions.php(258): Illuminate\\Foundation\\Bootstrap\\HandleExceptions->handleError(8, 'PHP Request Shu...', 'Unknown', 0)
#1 [internal function]: Illuminate\\Foundation\\Bootstrap\\HandleExceptions->Illuminate\\Foundation\\Bootstrap\\{closure}(8, 'PHP Request Shu...', 'Unknown', 0)
#2 {main}
"} 
[2026-05-27 19:29:39] local.ERROR: PHP Request Shutdown: Sequence out of range (errflg=2) {"userId":1,"exception":"[object] (ErrorException(code: 0): PHP Request Shutdown: Sequence out of range (errflg=2) at Unknown:0)
[stacktrace]
#0 /var/www/html/vendor/laravel/framework/src/Illuminate/Foundation/Bootstrap/HandleExceptions.php(258): Illuminate\\Foundation\\Bootstrap\\HandleExceptions->handleError(8, 'PHP Request Shu...', 'Unknown', 0)
#1 [internal function]: Illuminate\\Foundation\\Bootstrap\\HandleExceptions->Illuminate\\Foundation\\Bootstrap\\{closure}(8, 'PHP Request Shu...', 'Unknown', 0)
#2 {main}
"} 
[2026-05-27 19:30:58] local.ERROR: PHP Request Shutdown: Sequence out of range (errflg=2) {"userId":1,"exception":"[object] (ErrorException(code: 0): PHP Request Shutdown: Sequence out of range (errflg=2) at Unknown:0)
[stacktrace]
#0 /var/www/html/vendor/laravel/framework/src/Illuminate/Foundation/Bootstrap/HandleExceptions.php(258): Illuminate\\Foundation\\Bootstrap\\HandleExceptions->handleError(8, 'PHP Request Shu...', 'Unknown', 0)
#1 [internal function]: Illuminate\\Foundation\\Bootstrap\\HandleExceptions->Illuminate\\Foundation\\Bootstrap\\{closure}(8, 'PHP Request Shu...', 'Unknown', 0)
#2 {main}
"} 
[2026-05-27 19:31:03] local.ERROR: PHP Request Shutdown: Sequence out of range (errflg=2) {"userId":1,"exception":"[object] (ErrorException(code: 0): PHP Request Shutdown: Sequence out of range (errflg=2) at Unknown:0)
[stacktrace]
#0 /var/www/html/vendor/laravel/framework/src/Illuminate/Foundation/Bootstrap/HandleExceptions.php(258): Illuminate\\Foundation\\Bootstrap\\HandleExceptions->handleError(8, 'PHP Request Shu...', 'Unknown', 0)
#1 [internal function]: Illuminate\\Foundation\\Bootstrap\\HandleExceptions->Illuminate\\Foundation\\Bootstrap\\{closure}(8, 'PHP Request Shu...', 'Unknown', 0)
#2 {main}
"} 
[2026-05-27 19:31:03] local.ERROR: PHP Request Shutdown: Sequence out of range (errflg=2) {"userId":1,"exception":"[object] (ErrorException(code: 0): PHP Request Shutdown: Sequence out of range (errflg=2) at Unknown:0)
[stacktrace]
#0 /var/www/html/vendor/laravel/framework/src/Illuminate/Foundation/Bootstrap/HandleExceptions.php(258): Illuminate\\Foundation\\Bootstrap\\HandleExceptions->handleError(8, 'PHP Request Shu...', 'Unknown', 0)
#1 [internal function]: Illuminate\\Foundation\\Bootstrap\\HandleExceptions->Illuminate\\Foundation\\Bootstrap\\{closure}(8, 'PHP Request Shu...', 'Unknown', 0)
#2 {main}
"} 
[2026-05-27 19:31:03] local.ERROR: PHP Request Shutdown: Sequence out of range (errflg=2) {"userId":1,"exception":"[object] (ErrorException(code: 0): PHP Request Shutdown: Sequence out of range (errflg=2) at Unknown:0)
[stacktrace]
#0 /var/www/html/vendor/laravel/framework/src/Illuminate/Foundation/Bootstrap/HandleExceptions.php(258): Illuminate\\Foundation\\Bootstrap\\HandleExceptions->handleError(8, 'PHP Request Shu...', 'Unknown', 0)
#1 [internal function]: Illuminate\\Foundation\\Bootstrap\\HandleExceptions->Illuminate\\Foundation\\Bootstrap\\{closure}(8, 'PHP Request Shu...', 'Unknown', 0)
#2 {main}
"} 
[2026-05-27 19:31:22] local.ERROR: App\Services\Mail\ImapService::search(): Argument #1 ($query) must be of type string, null given, called in /var/www/html/app/Http/Controllers/Webmail/InboxController.php on line 59 {"userId":1,"exception":"[object] (TypeError(code: 0): App\\Services\\Mail\\ImapService::search(): Argument #1 ($query) must be of type string, null given, called in /var/www/html/app/Http/Controllers/Webmail/InboxController.php on line 59 at /var/www/html/app/Services/Mail/ImapService.php:232)
[stacktrace]
#0 /var/www/html/app/Http/Controllers/Webmail/InboxController.php(59): App\\Services\\Mail\\ImapService->search(NULL)
#1 /var/www/html/vendor/laravel/framework/src/Illuminate/Routing/Controller.php(54): App\\Http\\Controllers\\Webmail\\InboxController->search(Object(Illuminate\\Http\\Request))
#2 /var/www/html/vendor/laravel/framework/src/Illuminate/Routing/ControllerDispatcher.php(43): Illuminate\\Routing\\Controller->callAction('search', Array)
#3 /var/www/html/vendor/laravel/framework/src/Illuminate/Routing/Route.php(265): Illuminate\\Routing\\ControllerDispatcher->dispatch(Object(Illuminate\\Routing\\Route), Object(App\\Http\\Controllers\\Webmail\\InboxController), 'search')
#4 /var/www/html/vendor/laravel/framework/src/Illuminate/Routing/Route.php(211): Illuminate\\Routing\\Route->runController()
#5 /var/www/html/vendor/laravel/framework/src/Illuminate/Routing/Router.php(822): Illuminate\\Routing\\Route->run()
#6 /var/www/html/vendor/laravel/framework/src/Illuminate/Pipeline/Pipeline.php(180): Illuminate\\Routing\\Router->Illuminate\\Routing\\{closure}(Object(Illuminate\\Http\\Request))
#7 /var/www/html/app/Http/Middleware/TwoFactorMiddleware.php(29): Illuminate\\Pipeline\\Pipeline->Illuminate\\Pipeline\\{closure}(Object(Illuminate\\Http\\Request))
#8 /var/www/html/vendor/laravel/framework/src/Illuminate/Pipeline/Pipeline.php(219): App\\Http\\Middleware\\TwoFactorMiddleware->handle(Object(Illuminate\\Http\\Request), Object(Closure))
#9 /var/www/html/app/Http/Middleware/InstalledMiddleware.php(31): Illuminate\\Pipeline\\Pipeline->Illuminate\\Pipeline\\{closure}(Object(Illuminate\\Http\\Request))
#10 /var/www/html/vendor/laravel/framework/src/Illuminate/Pipeline/Pipeline.php(219): App\\Http\\Middleware\\InstalledMiddleware->handle(Object(Illuminate\\Http\\Request), Object(Closure))
#11 /var/www/html/vendor/laravel/framework/src/Illuminate/Routing/Middleware/SubstituteBindings.php(50): Illuminate\\Pipeline\\Pipeline->Illuminate\\Pipeline\\{closure}(Object(Illuminate\\Http\\Request))
#12 /var/www/html/vendor/laravel/framework/src/Illuminate/Pipeline/Pipeline.php(219): Illuminate\\Routing\\Middleware\\SubstituteBindings->handle(Object(Illuminate\\Http\\Request), Object(Closure))
#13 /var/www/html/vendor/laravel/framework/src/Illuminate/Auth/Middleware/Authenticate.php(63): Illuminate\\Pipeline\\Pipeline->Illuminate\\Pipeline\\{closure}(Object(Illuminate\\Http\\Request))
#14 /var/www/html/vendor/laravel/framework/src/Illuminate/Pipeline/Pipeline.php(219): Illuminate\\Auth\\Middleware\\Authenticate->handle(Object(Illuminate\\Http\\Request), Object(Closure))
#15 /var/www/html/vendor/laravel/framework/src/Illuminate/Foundation/Http/Middleware/VerifyCsrfToken.php(87): Illuminate\\Pipeline\\Pipeline->Illuminate\\Pipeline\\{closure}(Object(Illuminate\\Http\\Request))
#16 /var/www/html/vendor/laravel/framework/src/Illuminate/Pipeline/Pipeline.php(219): Illuminate\\Foundation\\Http\\Middleware\\VerifyCsrfToken->handle(Object(Illuminate\\Http\\Request), Object(Closure))
#17 /var/www/html/vendor/laravel/framework/src/Illuminate/View/Middleware/ShareErrorsFromSession.php(48): Illuminate\\Pipeline\\Pipeline->Illuminate\\Pipeline\\{closure}(Object(Illuminate\\Http\\Request))
#18 /var/www/html/vendor/laravel/framework/src/Illuminate/Pipeline/Pipeline.php(219): Illuminate\\View\\Middleware\\ShareErrorsFromSession->handle(Object(Illuminate\\Http\\Request), Object(Closure))
#19 /var/www/html/vendor/laravel/framework/src/Illuminate/Session/Middleware/StartSession.php(120): Illuminate\\Pipeline\\Pipeline->Illuminate\\Pipeline\\{closure}(Object(Illuminate\\Http\\Request))
#20 /var/www/html/vendor/laravel/framework/src/Illuminate/Session/Middleware/StartSession.php(63): Illuminate\\Session\\Middleware\\StartSession->handleStatefulRequest(Object(Illuminate\\Http\\Request), Object(Illuminate\\Session\\Store), Object(Closure))
#21 /var/www/html/vendor/laravel/framework/src/Illuminate/Pipeline/Pipeline.php(219): Illuminate\\Session\\Middleware\\StartSession->handle(Object(Illuminate\\Http\\Request), Object(Closure))
#22 /var/www/html/vendor/laravel/framework/src/Illuminate/Cookie/Middleware/AddQueuedCookiesToResponse.php(36): Illuminate\\Pipeline\\Pipeline->Illuminate\\Pipeline\\{closure}(Object(Illuminate\\Http\\Request))
#23 /var/www/html/vendor/laravel/framework/src/Illuminate/Pipeline/Pipeline.php(219): Illuminate\\Cookie\\Middleware\\AddQueuedCookiesToResponse->handle(Object(Illuminate\\Http\\Request), Object(Closure))
#24 /var/www/html/vendor/laravel/framework/src/Illuminate/Cookie/Middleware/EncryptCookies.php(74): Illuminate\\Pipeline\\Pipeline->Illuminate\\Pipeline\\{closure}(Object(Illuminate\\Http\\Request))
#25 /var/www/html/vendor/laravel/framework/src/Illuminate/Pipeline/Pipeline.php(219): Illuminate\\Cookie\\Middleware\\EncryptCookies->handle(Object(Illuminate\\Http\\Request), Object(Closure))
#26 /var/www/html/vendor/laravel/framework/src/Illuminate/Pipeline/Pipeline.php(137): Illuminate\\Pipeline\\Pipeline->Illuminate\\Pipeline\\{closure}(Object(Illuminate\\Http\\Request))
#27 /var/www/html/vendor/laravel/framework/src/Illuminate/Routing/Router.php(821): Illuminate\\Pipeline\\Pipeline->then(Object(Closure))
#28 /var/www/html/vendor/laravel/framework/src/Illuminate/Routing/Router.php(800): Illuminate\\Routing\\Router->runRouteWithinStack(Object(Illuminate\\Routing\\Route), Object(Illuminate\\Http\\Request))
#29 /var/www/html/vendor/laravel/framework/src/Illuminate/Routing/Router.php(764): Illuminate\\Routing\\Router->runRoute(Object(Illuminate\\Http\\Request), Object(Illuminate\\Routing\\Route))
#30 /var/www/html/vendor/laravel/framework/src/Illuminate/Routing/Router.php(753): Illuminate\\Routing\\Router->dispatchToRoute(Object(Illuminate\\Http\\Request))
#31 /var/www/html/vendor/laravel/framework/src/Illuminate/Foundation/Http/Kernel.php(200): Illuminate\\Routing\\Router->dispatch(Object(Illuminate\\Http\\Request))
#32 /var/www/html/vendor/laravel/framework/src/Illuminate/Pipeline/Pipeline.php(180): Illuminate\\Foundation\\Http\\Kernel->Illuminate\\Foundation\\Http\\{closure}(Object(Illuminate\\Http\\Request))
#33 /var/www/html/vendor/laravel/framework/src/Illuminate/Foundation/Http/Middleware/TransformsRequest.php(21): Illuminate\\Pipeline\\Pipeline->Illuminate\\Pipeline\\{closure}(Object(Illuminate\\Http\\Request))
#34 /var/www/html/vendor/laravel/framework/src/Illuminate/Foundation/Http/Middleware/ConvertEmptyStringsToNull.php(31): Illuminate\\Foundation\\Http\\Middleware\\TransformsRequest->handle(Object(Illuminate\\Http\\Request), Object(Closure))
#35 /var/www/html/vendor/laravel/framework/src/Illuminate/Pipeline/Pipeline.php(219): Illuminate\\Foundation\\Http\\Middleware\\ConvertEmptyStringsToNull->handle(Object(Illuminate\\Http\\Request), Object(Closure))
#36 /var/www/html/vendor/laravel/framework/src/Illuminate/Foundation/Http/Middleware/TransformsRequest.php(21): Illuminate\\Pipeline\\Pipeline->Illuminate\\Pipeline\\{closure}(Object(Illuminate\\Http\\Request))
#37 /var/www/html/vendor/laravel/framework/src/Illuminate/Foundation/Http/Middleware/TrimStrings.php(51): Illuminate\\Foundation\\Http\\Middleware\\TransformsRequest->handle(Object(Illuminate\\Http\\Request), Object(Closure))
#38 /var/www/html/vendor/laravel/framework/src/Illuminate/Pipeline/Pipeline.php(219): Illuminate\\Foundation\\Http\\Middleware\\TrimStrings->handle(Object(Illuminate\\Http\\Request), Object(Closure))
#39 /var/www/html/vendor/laravel/framework/src/Illuminate/Http/Middleware/ValidatePostSize.php(27): Illuminate\\Pipeline\\Pipeline->Illuminate\\Pipeline\\{closure}(Object(Illuminate\\Http\\Request))
#40 /var/www/html/vendor/laravel/framework/src/Illuminate/Pipeline/Pipeline.php(219): Illuminate\\Http\\Middleware\\ValidatePostSize->handle(Object(Illuminate\\Http\\Request), Object(Closure))
#41 /var/www/html/vendor/laravel/framework/src/Illuminate/Foundation/Http/Middleware/PreventRequestsDuringMaintenance.php(109): Illuminate\\Pipeline\\Pipeline->Illuminate\\Pipeline\\{closure}(Object(Illuminate\\Http\\Request))
#42 /var/www/html/vendor/laravel/framework/src/Illuminate/Pipeline/Pipeline.php(219): Illuminate\\Foundation\\Http\\Middleware\\PreventRequestsDuringMaintenance->handle(Object(Illuminate\\Http\\Request), Object(Closure))
#43 /var/www/html/vendor/laravel/framework/src/Illuminate/Http/Middleware/HandleCors.php(61): Illuminate\\Pipeline\\Pipeline->Illuminate\\Pipeline\\{closure}(Object(Illuminate\\Http\\Request))
#44 /var/www/html/vendor/laravel/framework/src/Illuminate/Pipeline/Pipeline.php(219): Illuminate\\Http\\Middleware\\HandleCors->handle(Object(Illuminate\\Http\\Request), Object(Closure))
#45 /var/www/html/vendor/laravel/framework/src/Illuminate/Http/Middleware/TrustProxies.php(58): Illuminate\\Pipeline\\Pipeline->Illuminate\\Pipeline\\{closure}(Object(Illuminate\\Http\\Request))
#46 /var/www/html/vendor/laravel/framework/src/Illuminate/Pipeline/Pipeline.php(219): Illuminate\\Http\\Middleware\\TrustProxies->handle(Object(Illuminate\\Http\\Request), Object(Closure))
#47 /var/www/html/vendor/laravel/framework/src/Illuminate/Foundation/Http/Middleware/InvokeDeferredCallbacks.php(22): Illuminate\\Pipeline\\Pipeline->Illuminate\\Pipeline\\{closure}(Object(Illuminate\\Http\\Request))
#48 /var/www/html/vendor/laravel/framework/src/Illuminate/Pipeline/Pipeline.php(219): Illuminate\\Foundation\\Http\\Middleware\\InvokeDeferredCallbacks->handle(Object(Illuminate\\Http\\Request), Object(Closure))
#49 /var/www/html/vendor/laravel/framework/src/Illuminate/Http/Middleware/ValidatePathEncoding.php(26): Illuminate\\Pipeline\\Pipeline->Illuminate\\Pipeline\\{closure}(Object(Illuminate\\Http\\Request))
#50 /var/www/html/vendor/laravel/framework/src/Illuminate/Pipeline/Pipeline.php(219): Illuminate\\Http\\Middleware\\ValidatePathEncoding->handle(Object(Illuminate\\Http\\Request), Object(Closure))
#51 /var/www/html/vendor/laravel/framework/src/Illuminate/Pipeline/Pipeline.php(137): Illuminate\\Pipeline\\Pipeline->Illuminate\\Pipeline\\{closure}(Object(Illuminate\\Http\\Request))
#52 /var/www/html/vendor/laravel/framework/src/Illuminate/Foundation/Http/Kernel.php(175): Illuminate\\Pipeline\\Pipeline->then(Object(Closure))
#53 /var/www/html/vendor/laravel/framework/src/Illuminate/Foundation/Http/Kernel.php(144): Illuminate\\Foundation\\Http\\Kernel->sendRequestThroughRouter(Object(Illuminate\\Http\\Request))
#54 /var/www/html/vendor/laravel/framework/src/Illuminate/Foundation/Application.php(1220): Illuminate\\Foundation\\Http\\Kernel->handle(Object(Illuminate\\Http\\Request))
#55 /var/www/html/public/index.php(17): Illuminate\\Foundation\\Application->handleRequest(Object(Illuminate\\Http\\Request))
#56 {main}
"} 
[2026-05-27 19:31:33] local.ERROR: App\Services\Mail\ImapService::search(): Argument #1 ($query) must be of type string, null given, called in /var/www/html/app/Http/Controllers/Webmail/InboxController.php on line 59 {"userId":1,"exception":"[object] (TypeError(code: 0): App\\Services\\Mail\\ImapService::search(): Argument #1 ($query) must be of type string, null given, called in /var/www/html/app/Http/Controllers/Webmail/InboxController.php on line 59 at /var/www/html/app/Services/Mail/ImapService.php:232)
[stacktrace]
#0 /var/www/html/app/Http/Controllers/Webmail/InboxController.php(59): App\\Services\\Mail\\ImapService->search(NULL)
#1 /var/www/html/vendor/laravel/framework/src/Illuminate/Routing/Controller.php(54): App\\Http\\Controllers\\Webmail\\InboxController->search(Object(Illuminate\\Http\\Request))
#2 /var/www/html/vendor/laravel/framework/src/Illuminate/Routing/ControllerDispatcher.php(43): Illuminate\\Routing\\Controller->callAction('search', Array)
#3 /var/www/html/vendor/laravel/framework/src/Illuminate/Routing/Route.php(265): Illuminate\\Routing\\ControllerDispatcher->dispatch(Object(Illuminate\\Routing\\Route), Object(App\\Http\\Controllers\\Webmail\\InboxController), 'search')
#4 /var/www/html/vendor/laravel/framework/src/Illuminate/Routing/Route.php(211): Illuminate\\Routing\\Route->runController()
#5 /var/www/html/vendor/laravel/framework/src/Illuminate/Routing/Router.php(822): Illuminate\\Routing\\Route->run()
#6 /var/www/html/vendor/laravel/framework/src/Illuminate/Pipeline/Pipeline.php(180): Illuminate\\Routing\\Router->Illuminate\\Routing\\{closure}(Object(Illuminate\\Http\\Request))
#7 /var/www/html/app/Http/Middleware/TwoFactorMiddleware.php(29): Illuminate\\Pipeline\\Pipeline->Illuminate\\Pipeline\\{closure}(Object(Illuminate\\Http\\Request))
#8 /var/www/html/vendor/laravel/framework/src/Illuminate/Pipeline/Pipeline.php(219): App\\Http\\Middleware\\TwoFactorMiddleware->handle(Object(Illuminate\\Http\\Request), Object(Closure))
#9 /var/www/html/app/Http/Middleware/InstalledMiddleware.php(31): Illuminate\\Pipeline\\Pipeline->Illuminate\\Pipeline\\{closure}(Object(Illuminate\\Http\\Request))
#10 /var/www/html/vendor/laravel/framework/src/Illuminate/Pipeline/Pipeline.php(219): App\\Http\\Middleware\\InstalledMiddleware->handle(Object(Illuminate\\Http\\Request), Object(Closure))
#11 /var/www/html/vendor/laravel/framework/src/Illuminate/Routing/Middleware/SubstituteBindings.php(50): Illuminate\\Pipeline\\Pipeline->Illuminate\\Pipeline\\{closure}(Object(Illuminate\\Http\\Request))
#12 /var/www/html/vendor/laravel/framework/src/Illuminate/Pipeline/Pipeline.php(219): Illuminate\\Routing\\Middleware\\SubstituteBindings->handle(Object(Illuminate\\Http\\Request), Object(Closure))
#13 /var/www/html/vendor/laravel/framework/src/Illuminate/Auth/Middleware/Authenticate.php(63): Illuminate\\Pipeline\\Pipeline->Illuminate\\Pipeline\\{closure}(Object(Illuminate\\Http\\Request))
#14 /var/www/html/vendor/laravel/framework/src/Illuminate/Pipeline/Pipeline.php(219): Illuminate\\Auth\\Middleware\\Authenticate->handle(Object(Illuminate\\Http\\Request), Object(Closure))
#15 /var/www/html/vendor/laravel/framework/src/Illuminate/Foundation/Http/Middleware/VerifyCsrfToken.php(87): Illuminate\\Pipeline\\Pipeline->Illuminate\\Pipeline\\{closure}(Object(Illuminate\\Http\\Request))
#16 /var/www/html/vendor/laravel/framework/src/Illuminate/Pipeline/Pipeline.php(219): Illuminate\\Foundation\\Http\\Middleware\\VerifyCsrfToken->handle(Object(Illuminate\\Http\\Request), Object(Closure))
#17 /var/www/html/vendor/laravel/framework/src/Illuminate/View/Middleware/ShareErrorsFromSession.php(48): Illuminate\\Pipeline\\Pipeline->Illuminate\\Pipeline\\{closure}(Object(Illuminate\\Http\\Request))
#18 /var/www/html/vendor/laravel/framework/src/Illuminate/Pipeline/Pipeline.php(219): Illuminate\\View\\Middleware\\ShareErrorsFromSession->handle(Object(Illuminate\\Http\\Request), Object(Closure))
#19 /var/www/html/vendor/laravel/framework/src/Illuminate/Session/Middleware/StartSession.php(120): Illuminate\\Pipeline\\Pipeline->Illuminate\\Pipeline\\{closure}(Object(Illuminate\\Http\\Request))
#20 /var/www/html/vendor/laravel/framework/src/Illuminate/Session/Middleware/StartSession.php(63): Illuminate\\Session\\Middleware\\StartSession->handleStatefulRequest(Object(Illuminate\\Http\\Request), Object(Illuminate\\Session\\Store), Object(Closure))
#21 /var/www/html/vendor/laravel/framework/src/Illuminate/Pipeline/Pipeline.php(219): Illuminate\\Session\\Middleware\\StartSession->handle(Object(Illuminate\\Http\\Request), Object(Closure))
#22 /var/www/html/vendor/laravel/framework/src/Illuminate/Cookie/Middleware/AddQueuedCookiesToResponse.php(36): Illuminate\\Pipeline\\Pipeline->Illuminate\\Pipeline\\{closure}(Object(Illuminate\\Http\\Request))
#23 /var/www/html/vendor/laravel/framework/src/Illuminate/Pipeline/Pipeline.php(219): Illuminate\\Cookie\\Middleware\\AddQueuedCookiesToResponse->handle(Object(Illuminate\\Http\\Request), Object(Closure))
#24 /var/www/html/vendor/laravel/framework/src/Illuminate/Cookie/Middleware/EncryptCookies.php(74): Illuminate\\Pipeline\\Pipeline->Illuminate\\Pipeline\\{closure}(Object(Illuminate\\Http\\Request))
#25 /var/www/html/vendor/laravel/framework/src/Illuminate/Pipeline/Pipeline.php(219): Illuminate\\Cookie\\Middleware\\EncryptCookies->handle(Object(Illuminate\\Http\\Request), Object(Closure))
#26 /var/www/html/vendor/laravel/framework/src/Illuminate/Pipeline/Pipeline.php(137): Illuminate\\Pipeline\\Pipeline->Illuminate\\Pipeline\\{closure}(Object(Illuminate\\Http\\Request))
#27 /var/www/html/vendor/laravel/framework/src/Illuminate/Routing/Router.php(821): Illuminate\\Pipeline\\Pipeline->then(Object(Closure))
#28 /var/www/html/vendor/laravel/framework/src/Illuminate/Routing/Router.php(800): Illuminate\\Routing\\Router->runRouteWithinStack(Object(Illuminate\\Routing\\Route), Object(Illuminate\\Http\\Request))
#29 /var/www/html/vendor/laravel/framework/src/Illuminate/Routing/Router.php(764): Illuminate\\Routing\\Router->runRoute(Object(Illuminate\\Http\\Request), Object(Illuminate\\Routing\\Route))
#30 /var/www/html/vendor/laravel/framework/src/Illuminate/Routing/Router.php(753): Illuminate\\Routing\\Router->dispatchToRoute(Object(Illuminate\\Http\\Request))
#31 /var/www/html/vendor/laravel/framework/src/Illuminate/Foundation/Http/Kernel.php(200): Illuminate\\Routing\\Router->dispatch(Object(Illuminate\\Http\\Request))
#32 /var/www/html/vendor/laravel/framework/src/Illuminate/Pipeline/Pipeline.php(180): Illuminate\\Foundation\\Http\\Kernel->Illuminate\\Foundation\\Http\\{closure}(Object(Illuminate\\Http\\Request))
#33 /var/www/html/vendor/laravel/framework/src/Illuminate/Foundation/Http/Middleware/TransformsRequest.php(21): Illuminate\\Pipeline\\Pipeline->Illuminate\\Pipeline\\{closure}(Object(Illuminate\\Http\\Request))
#34 /var/www/html/vendor/laravel/framework/src/Illuminate/Foundation/Http/Middleware/ConvertEmptyStringsToNull.php(31): Illuminate\\Foundation\\Http\\Middleware\\TransformsRequest->handle(Object(Illuminate\\Http\\Request), Object(Closure))
#35 /var/www/html/vendor/laravel/framework/src/Illuminate/Pipeline/Pipeline.php(219): Illuminate\\Foundation\\Http\\Middleware\\ConvertEmptyStringsToNull->handle(Object(Illuminate\\Http\\Request), Object(Closure))
#36 /var/www/html/vendor/laravel/framework/src/Illuminate/Foundation/Http/Middleware/TransformsRequest.php(21): Illuminate\\Pipeline\\Pipeline->Illuminate\\Pipeline\\{closure}(Object(Illuminate\\Http\\Request))
#37 /var/www/html/vendor/laravel/framework/src/Illuminate/Foundation/Http/Middleware/TrimStrings.php(51): Illuminate\\Foundation\\Http\\Middleware\\TransformsRequest->handle(Object(Illuminate\\Http\\Request), Object(Closure))
#38 /var/www/html/vendor/laravel/framework/src/Illuminate/Pipeline/Pipeline.php(219): Illuminate\\Foundation\\Http\\Middleware\\TrimStrings->handle(Object(Illuminate\\Http\\Request), Object(Closure))
#39 /var/www/html/vendor/laravel/framework/src/Illuminate/Http/Middleware/ValidatePostSize.php(27): Illuminate\\Pipeline\\Pipeline->Illuminate\\Pipeline\\{closure}(Object(Illuminate\\Http\\Request))
#40 /var/www/html/vendor/laravel/framework/src/Illuminate/Pipeline/Pipeline.php(219): Illuminate\\Http\\Middleware\\ValidatePostSize->handle(Object(Illuminate\\Http\\Request), Object(Closure))
#41 /var/www/html/vendor/laravel/framework/src/Illuminate/Foundation/Http/Middleware/PreventRequestsDuringMaintenance.php(109): Illuminate\\Pipeline\\Pipeline->Illuminate\\Pipeline\\{closure}(Object(Illuminate\\Http\\Request))
#42 /var/www/html/vendor/laravel/framework/src/Illuminate/Pipeline/Pipeline.php(219): Illuminate\\Foundation\\Http\\Middleware\\PreventRequestsDuringMaintenance->handle(Object(Illuminate\\Http\\Request), Object(Closure))
#43 /var/www/html/vendor/laravel/framework/src/Illuminate/Http/Middleware/HandleCors.php(61): Illuminate\\Pipeline\\Pipeline->Illuminate\\Pipeline\\{closure}(Object(Illuminate\\Http\\Request))
#44 /var/www/html/vendor/laravel/framework/src/Illuminate/Pipeline/Pipeline.php(219): Illuminate\\Http\\Middleware\\HandleCors->handle(Object(Illuminate\\Http\\Request), Object(Closure))
#45 /var/www/html/vendor/laravel/framework/src/Illuminate/Http/Middleware/TrustProxies.php(58): Illuminate\\Pipeline\\Pipeline->Illuminate\\Pipeline\\{closure}(Object(Illuminate\\Http\\Request))
#46 /var/www/html/vendor/laravel/framework/src/Illuminate/Pipeline/Pipeline.php(219): Illuminate\\Http\\Middleware\\TrustProxies->handle(Object(Illuminate\\Http\\Request), Object(Closure))
#47 /var/www/html/vendor/laravel/framework/src/Illuminate/Foundation/Http/Middleware/InvokeDeferredCallbacks.php(22): Illuminate\\Pipeline\\Pipeline->Illuminate\\Pipeline\\{closure}(Object(Illuminate\\Http\\Request))
#48 /var/www/html/vendor/laravel/framework/src/Illuminate/Pipeline/Pipeline.php(219): Illuminate\\Foundation\\Http\\Middleware\\InvokeDeferredCallbacks->handle(Object(Illuminate\\Http\\Request), Object(Closure))
#49 /var/www/html/vendor/laravel/framework/src/Illuminate/Http/Middleware/ValidatePathEncoding.php(26): Illuminate\\Pipeline\\Pipeline->Illuminate\\Pipeline\\{closure}(Object(Illuminate\\Http\\Request))
#50 /var/www/html/vendor/laravel/framework/src/Illuminate/Pipeline/Pipeline.php(219): Illuminate\\Http\\Middleware\\ValidatePathEncoding->handle(Object(Illuminate\\Http\\Request), Object(Closure))
#51 /var/www/html/vendor/laravel/framework/src/Illuminate/Pipeline/Pipeline.php(137): Illuminate\\Pipeline\\Pipeline->Illuminate\\Pipeline\\{closure}(Object(Illuminate\\Http\\Request))
#52 /var/www/html/vendor/laravel/framework/src/Illuminate/Foundation/Http/Kernel.php(175): Illuminate\\Pipeline\\Pipeline->then(Object(Closure))
#53 /var/www/html/vendor/laravel/framework/src/Illuminate/Foundation/Http/Kernel.php(144): Illuminate\\Foundation\\Http\\Kernel->sendRequestThroughRouter(Object(Illuminate\\Http\\Request))
#54 /var/www/html/vendor/laravel/framework/src/Illuminate/Foundation/Application.php(1220): Illuminate\\Foundation\\Http\\Kernel->handle(Object(Illuminate\\Http\\Request))
#55 /var/www/html/public/index.php(17): Illuminate\\Foundation\\Application->handleRequest(Object(Illuminate\\Http\\Request))
#56 {main}
"} 
[2026-05-27 19:31:39] local.ERROR: PHP Request Shutdown: Sequence out of range (errflg=2) {"userId":1,"exception":"[object] (ErrorException(code: 0): PHP Request Shutdown: Sequence out of range (errflg=2) at Unknown:0)
[stacktrace]
#0 /var/www/html/vendor/laravel/framework/src/Illuminate/Foundation/Bootstrap/HandleExceptions.php(258): Illuminate\\Foundation\\Bootstrap\\HandleExceptions->handleError(8, 'PHP Request Shu...', 'Unknown', 0)
#1 [internal function]: Illuminate\\Foundation\\Bootstrap\\HandleExceptions->Illuminate\\Foundation\\Bootstrap\\{closure}(8, 'PHP Request Shu...', 'Unknown', 0)
#2 {main}
"} 
[2026-05-27 19:31:40] local.ERROR: App\Services\Mail\ImapService::search(): Argument #1 ($query) must be of type string, null given, called in /var/www/html/app/Http/Controllers/Webmail/InboxController.php on line 59 {"userId":1,"exception":"[object] (TypeError(code: 0): App\\Services\\Mail\\ImapService::search(): Argument #1 ($query) must be of type string, null given, called in /var/www/html/app/Http/Controllers/Webmail/InboxController.php on line 59 at /var/www/html/app/Services/Mail/ImapService.php:232)
[stacktrace]
#0 /var/www/html/app/Http/Controllers/Webmail/InboxController.php(59): App\\Services\\Mail\\ImapService->search(NULL)
#1 /var/www/html/vendor/laravel/framework/src/Illuminate/Routing/Controller.php(54): App\\Http\\Controllers\\Webmail\\InboxController->search(Object(Illuminate\\Http\\Request))
#2 /var/www/html/vendor/laravel/framework/src/Illuminate/Routing/ControllerDispatcher.php(43): Illuminate\\Routing\\Controller->callAction('search', Array)
#3 /var/www/html/vendor/laravel/framework/src/Illuminate/Routing/Route.php(265): Illuminate\\Routing\\ControllerDispatcher->dispatch(Object(Illuminate\\Routing\\Route), Object(App\\Http\\Controllers\\Webmail\\InboxController), 'search')
#4 /var/www/html/vendor/laravel/framework/src/Illuminate/Routing/Route.php(211): Illuminate\\Routing\\Route->runController()
#5 /var/www/html/vendor/laravel/framework/src/Illuminate/Routing/Router.php(822): Illuminate\\Routing\\Route->run()
#6 /var/www/html/vendor/laravel/framework/src/Illuminate/Pipeline/Pipeline.php(180): Illuminate\\Routing\\Router->Illuminate\\Routing\\{closure}(Object(Illuminate\\Http\\Request))
#7 /var/www/html/app/Http/Middleware/TwoFactorMiddleware.php(29): Illuminate\\Pipeline\\Pipeline->Illuminate\\Pipeline\\{closure}(Object(Illuminate\\Http\\Request))
#8 /var/www/html/vendor/laravel/framework/src/Illuminate/Pipeline/Pipeline.php(219): App\\Http\\Middleware\\TwoFactorMiddleware->handle(Object(Illuminate\\Http\\Request), Object(Closure))
#9 /var/www/html/app/Http/Middleware/InstalledMiddleware.php(31): Illuminate\\Pipeline\\Pipeline->Illuminate\\Pipeline\\{closure}(Object(Illuminate\\Http\\Request))
#10 /var/www/html/vendor/laravel/framework/src/Illuminate/Pipeline/Pipeline.php(219): App\\Http\\Middleware\\InstalledMiddleware->handle(Object(Illuminate\\Http\\Request), Object(Closure))
#11 /var/www/html/vendor/laravel/framework/src/Illuminate/Routing/Middleware/SubstituteBindings.php(50): Illuminate\\Pipeline\\Pipeline->Illuminate\\Pipeline\\{closure}(Object(Illuminate\\Http\\Request))
#12 /var/www/html/vendor/laravel/framework/src/Illuminate/Pipeline/Pipeline.php(219): Illuminate\\Routing\\Middleware\\SubstituteBindings->handle(Object(Illuminate\\Http\\Request), Object(Closure))
#13 /var/www/html/vendor/laravel/framework/src/Illuminate/Auth/Middleware/Authenticate.php(63): Illuminate\\Pipeline\\Pipeline->Illuminate\\Pipeline\\{closure}(Object(Illuminate\\Http\\Request))
#14 /var/www/html/vendor/laravel/framework/src/Illuminate/Pipeline/Pipeline.php(219): Illuminate\\Auth\\Middleware\\Authenticate->handle(Object(Illuminate\\Http\\Request), Object(Closure))
#15 /var/www/html/vendor/laravel/framework/src/Illuminate/Foundation/Http/Middleware/VerifyCsrfToken.php(87): Illuminate\\Pipeline\\Pipeline->Illuminate\\Pipeline\\{closure}(Object(Illuminate\\Http\\Request))
#16 /var/www/html/vendor/laravel/framework/src/Illuminate/Pipeline/Pipeline.php(219): Illuminate\\Foundation\\Http\\Middleware\\VerifyCsrfToken->handle(Object(Illuminate\\Http\\Request), Object(Closure))
#17 /var/www/html/vendor/laravel/framework/src/Illuminate/View/Middleware/ShareErrorsFromSession.php(48): Illuminate\\Pipeline\\Pipeline->Illuminate\\Pipeline\\{closure}(Object(Illuminate\\Http\\Request))
#18 /var/www/html/vendor/laravel/framework/src/Illuminate/Pipeline/Pipeline.php(219): Illuminate\\View\\Middleware\\ShareErrorsFromSession->handle(Object(Illuminate\\Http\\Request), Object(Closure))
#19 /var/www/html/vendor/laravel/framework/src/Illuminate/Session/Middleware/StartSession.php(120): Illuminate\\Pipeline\\Pipeline->Illuminate\\Pipeline\\{closure}(Object(Illuminate\\Http\\Request))
#20 /var/www/html/vendor/laravel/framework/src/Illuminate/Session/Middleware/StartSession.php(63): Illuminate\\Session\\Middleware\\StartSession->handleStatefulRequest(Object(Illuminate\\Http\\Request), Object(Illuminate\\Session\\Store), Object(Closure))
#21 /var/www/html/vendor/laravel/framework/src/Illuminate/Pipeline/Pipeline.php(219): Illuminate\\Session\\Middleware\\StartSession->handle(Object(Illuminate\\Http\\Request), Object(Closure))
#22 /var/www/html/vendor/laravel/framework/src/Illuminate/Cookie/Middleware/AddQueuedCookiesToResponse.php(36): Illuminate\\Pipeline\\Pipeline->Illuminate\\Pipeline\\{closure}(Object(Illuminate\\Http\\Request))
#23 /var/www/html/vendor/laravel/framework/src/Illuminate/Pipeline/Pipeline.php(219): Illuminate\\Cookie\\Middleware\\AddQueuedCookiesToResponse->handle(Object(Illuminate\\Http\\Request), Object(Closure))
#24 /var/www/html/vendor/laravel/framework/src/Illuminate/Cookie/Middleware/EncryptCookies.php(74): Illuminate\\Pipeline\\Pipeline->Illuminate\\Pipeline\\{closure}(Object(Illuminate\\Http\\Request))
#25 /var/www/html/vendor/laravel/framework/src/Illuminate/Pipeline/Pipeline.php(219): Illuminate\\Cookie\\Middleware\\EncryptCookies->handle(Object(Illuminate\\Http\\Request), Object(Closure))
#26 /var/www/html/vendor/laravel/framework/src/Illuminate/Pipeline/Pipeline.php(137): Illuminate\\Pipeline\\Pipeline->Illuminate\\Pipeline\\{closure}(Object(Illuminate\\Http\\Request))
#27 /var/www/html/vendor/laravel/framework/src/Illuminate/Routing/Router.php(821): Illuminate\\Pipeline\\Pipeline->then(Object(Closure))
#28 /var/www/html/vendor/laravel/framework/src/Illuminate/Routing/Router.php(800): Illuminate\\Routing\\Router->runRouteWithinStack(Object(Illuminate\\Routing\\Route), Object(Illuminate\\Http\\Request))
#29 /var/www/html/vendor/laravel/framework/src/Illuminate/Routing/Router.php(764): Illuminate\\Routing\\Router->runRoute(Object(Illuminate\\Http\\Request), Object(Illuminate\\Routing\\Route))
#30 /var/www/html/vendor/laravel/framework/src/Illuminate/Routing/Router.php(753): Illuminate\\Routing\\Router->dispatchToRoute(Object(Illuminate\\Http\\Request))
#31 /var/www/html/vendor/laravel/framework/src/Illuminate/Foundation/Http/Kernel.php(200): Illuminate\\Routing\\Router->dispatch(Object(Illuminate\\Http\\Request))
#32 /var/www/html/vendor/laravel/framework/src/Illuminate/Pipeline/Pipeline.php(180): Illuminate\\Foundation\\Http\\Kernel->Illuminate\\Foundation\\Http\\{closure}(Object(Illuminate\\Http\\Request))
#33 /var/www/html/vendor/laravel/framework/src/Illuminate/Foundation/Http/Middleware/TransformsRequest.php(21): Illuminate\\Pipeline\\Pipeline->Illuminate\\Pipeline\\{closure}(Object(Illuminate\\Http\\Request))
#34 /var/www/html/vendor/laravel/framework/src/Illuminate/Foundation/Http/Middleware/ConvertEmptyStringsToNull.php(31): Illuminate\\Foundation\\Http\\Middleware\\TransformsRequest->handle(Object(Illuminate\\Http\\Request), Object(Closure))
#35 /var/www/html/vendor/laravel/framework/src/Illuminate/Pipeline/Pipeline.php(219): Illuminate\\Foundation\\Http\\Middleware\\ConvertEmptyStringsToNull->handle(Object(Illuminate\\Http\\Request), Object(Closure))
#36 /var/www/html/vendor/laravel/framework/src/Illuminate/Foundation/Http/Middleware/TransformsRequest.php(21): Illuminate\\Pipeline\\Pipeline->Illuminate\\Pipeline\\{closure}(Object(Illuminate\\Http\\Request))
#37 /var/www/html/vendor/laravel/framework/src/Illuminate/Foundation/Http/Middleware/TrimStrings.php(51): Illuminate\\Foundation\\Http\\Middleware\\TransformsRequest->handle(Object(Illuminate\\Http\\Request), Object(Closure))
#38 /var/www/html/vendor/laravel/framework/src/Illuminate/Pipeline/Pipeline.php(219): Illuminate\\Foundation\\Http\\Middleware\\TrimStrings->handle(Object(Illuminate\\Http\\Request), Object(Closure))
#39 /var/www/html/vendor/laravel/framework/src/Illuminate/Http/Middleware/ValidatePostSize.php(27): Illuminate\\Pipeline\\Pipeline->Illuminate\\Pipeline\\{closure}(Object(Illuminate\\Http\\Request))
#40 /var/www/html/vendor/laravel/framework/src/Illuminate/Pipeline/Pipeline.php(219): Illuminate\\Http\\Middleware\\ValidatePostSize->handle(Object(Illuminate\\Http\\Request), Object(Closure))
#41 /var/www/html/vendor/laravel/framework/src/Illuminate/Foundation/Http/Middleware/PreventRequestsDuringMaintenance.php(109): Illuminate\\Pipeline\\Pipeline->Illuminate\\Pipeline\\{closure}(Object(Illuminate\\Http\\Request))
#42 /var/www/html/vendor/laravel/framework/src/Illuminate/Pipeline/Pipeline.php(219): Illuminate\\Foundation\\Http\\Middleware\\PreventRequestsDuringMaintenance->handle(Object(Illuminate\\Http\\Request), Object(Closure))
#43 /var/www/html/vendor/laravel/framework/src/Illuminate/Http/Middleware/HandleCors.php(61): Illuminate\\Pipeline\\Pipeline->Illuminate\\Pipeline\\{closure}(Object(Illuminate\\Http\\Request))
#44 /var/www/html/vendor/laravel/framework/src/Illuminate/Pipeline/Pipeline.php(219): Illuminate\\Http\\Middleware\\HandleCors->handle(Object(Illuminate\\Http\\Request), Object(Closure))
#45 /var/www/html/vendor/laravel/framework/src/Illuminate/Http/Middleware/TrustProxies.php(58): Illuminate\\Pipeline\\Pipeline->Illuminate\\Pipeline\\{closure}(Object(Illuminate\\Http\\Request))
#46 /var/www/html/vendor/laravel/framework/src/Illuminate/Pipeline/Pipeline.php(219): Illuminate\\Http\\Middleware\\TrustProxies->handle(Object(Illuminate\\Http\\Request), Object(Closure))
#47 /var/www/html/vendor/laravel/framework/src/Illuminate/Foundation/Http/Middleware/InvokeDeferredCallbacks.php(22): Illuminate\\Pipeline\\Pipeline->Illuminate\\Pipeline\\{closure}(Object(Illuminate\\Http\\Request))
#48 /var/www/html/vendor/laravel/framework/src/Illuminate/Pipeline/Pipeline.php(219): Illuminate\\Foundation\\Http\\Middleware\\InvokeDeferredCallbacks->handle(Object(Illuminate\\Http\\Request), Object(Closure))
#49 /var/www/html/vendor/laravel/framework/src/Illuminate/Http/Middleware/ValidatePathEncoding.php(26): Illuminate\\Pipeline\\Pipeline->Illuminate\\Pipeline\\{closure}(Object(Illuminate\\Http\\Request))
#50 /var/www/html/vendor/laravel/framework/src/Illuminate/Pipeline/Pipeline.php(219): Illuminate\\Http\\Middleware\\ValidatePathEncoding->handle(Object(Illuminate\\Http\\Request), Object(Closure))
#51 /var/www/html/vendor/laravel/framework/src/Illuminate/Pipeline/Pipeline.php(137): Illuminate\\Pipeline\\Pipeline->Illuminate\\Pipeline\\{closure}(Object(Illuminate\\Http\\Request))
#52 /var/www/html/vendor/laravel/framework/src/Illuminate/Foundation/Http/Kernel.php(175): Illuminate\\Pipeline\\Pipeline->then(Object(Closure))
#53 /var/www/html/vendor/laravel/framework/src/Illuminate/Foundation/Http/Kernel.php(144): Illuminate\\Foundation\\Http\\Kernel->sendRequestThroughRouter(Object(Illuminate\\Http\\Request))
#54 /var/www/html/vendor/laravel/framework/src/Illuminate/Foundation/Application.php(1220): Illuminate\\Foundation\\Http\\Kernel->handle(Object(Illuminate\\Http\\Request))
#55 /var/www/html/public/index.php(17): Illuminate\\Foundation\\Application->handleRequest(Object(Illuminate\\Http\\Request))
#56 {main}
"} 
[2026-05-27 19:31:45] local.ERROR: PHP Request Shutdown: Sequence out of range (errflg=2) {"userId":1,"exception":"[object] (ErrorException(code: 0): PHP Request Shutdown: Sequence out of range (errflg=2) at Unknown:0)
[stacktrace]
#0 /var/www/html/vendor/laravel/framework/src/Illuminate/Foundation/Bootstrap/HandleExceptions.php(258): Illuminate\\Foundation\\Bootstrap\\HandleExceptions->handleError(8, 'PHP Request Shu...', 'Unknown', 0)
#1 [internal function]: Illuminate\\Foundation\\Bootstrap\\HandleExceptions->Illuminate\\Foundation\\Bootstrap\\{closure}(8, 'PHP Request Shu...', 'Unknown', 0)
#2 {main}
"} 
[2026-05-27 19:31:46] local.ERROR: PHP Request Shutdown: Sequence out of range (errflg=2) {"userId":1,"exception":"[object] (ErrorException(code: 0): PHP Request Shutdown: Sequence out of range (errflg=2) at Unknown:0)
[stacktrace]
#0 /var/www/html/vendor/laravel/framework/src/Illuminate/Foundation/Bootstrap/HandleExceptions.php(258): Illuminate\\Foundation\\Bootstrap\\HandleExceptions->handleError(8, 'PHP Request Shu...', 'Unknown', 0)
#1 [internal function]: Illuminate\\Foundation\\Bootstrap\\HandleExceptions->Illuminate\\Foundation\\Bootstrap\\{closure}(8, 'PHP Request Shu...', 'Unknown', 0)
#2 {main}
"} 
[2026-05-27 19:31:48] local.ERROR: PHP Request Shutdown: Sequence out of range (errflg=2) {"userId":1,"exception":"[object] (ErrorException(code: 0): PHP Request Shutdown: Sequence out of range (errflg=2) at Unknown:0)
[stacktrace]
#0 /var/www/html/vendor/laravel/framework/src/Illuminate/Foundation/Bootstrap/HandleExceptions.php(258): Illuminate\\Foundation\\Bootstrap\\HandleExceptions->handleError(8, 'PHP Request Shu...', 'Unknown', 0)
#1 [internal function]: Illuminate\\Foundation\\Bootstrap\\HandleExceptions->Illuminate\\Foundation\\Bootstrap\\{closure}(8, 'PHP Request Shu...', 'Unknown', 0)
#2 {main}
"} 
[2026-05-27 19:31:49] local.ERROR: PHP Request Shutdown: Sequence out of range (errflg=2) {"userId":1,"exception":"[object] (ErrorException(code: 0): PHP Request Shutdown: Sequence out of range (errflg=2) at Unknown:0)
[stacktrace]
#0 /var/www/html/vendor/laravel/framework/src/Illuminate/Foundation/Bootstrap/HandleExceptions.php(258): Illuminate\\Foundation\\Bootstrap\\HandleExceptions->handleError(8, 'PHP Request Shu...', 'Unknown', 0)
#1 [internal function]: Illuminate\\Foundation\\Bootstrap\\HandleExceptions->Illuminate\\Foundation\\Bootstrap\\{closure}(8, 'PHP Request Shu...', 'Unknown', 0)
#2 {main}
"} 
[2026-05-27 19:31:51] local.ERROR: PHP Request Shutdown: Sequence out of range (errflg=2) {"userId":1,"exception":"[object] (ErrorException(code: 0): PHP Request Shutdown: Sequence out of range (errflg=2) at Unknown:0)
[stacktrace]
#0 /var/www/html/vendor/laravel/framework/src/Illuminate/Foundation/Bootstrap/HandleExceptions.php(258): Illuminate\\Foundation\\Bootstrap\\HandleExceptions->handleError(8, 'PHP Request Shu...', 'Unknown', 0)
#1 [internal function]: Illuminate\\Foundation\\Bootstrap\\HandleExceptions->Illuminate\\Foundation\\Bootstrap\\{closure}(8, 'PHP Request Shu...', 'Unknown', 0)
#2 {main}
"} 
[2026-05-27 19:31:51] local.ERROR: PHP Request Shutdown: Sequence out of range (errflg=2) {"userId":1,"exception":"[object] (ErrorException(code: 0): PHP Request Shutdown: Sequence out of range (errflg=2) at Unknown:0)
[stacktrace]
#0 /var/www/html/vendor/laravel/framework/src/Illuminate/Foundation/Bootstrap/HandleExceptions.php(258): Illuminate\\Foundation\\Bootstrap\\HandleExceptions->handleError(8, 'PHP Request Shu...', 'Unknown', 0)
#1 [internal function]: Illuminate\\Foundation\\Bootstrap\\HandleExceptions->Illuminate\\Foundation\\Bootstrap\\{closure}(8, 'PHP Request Shu...', 'Unknown', 0)
#2 {main}
"} 
[2026-05-27 19:31:52] local.ERROR: PHP Request Shutdown: Sequence out of range (errflg=2) {"userId":1,"exception":"[object] (ErrorException(code: 0): PHP Request Shutdown: Sequence out of range (errflg=2) at Unknown:0)
[stacktrace]
#0 /var/www/html/vendor/laravel/framework/src/Illuminate/Foundation/Bootstrap/HandleExceptions.php(258): Illuminate\\Foundation\\Bootstrap\\HandleExceptions->handleError(8, 'PHP Request Shu...', 'Unknown', 0)
#1 [internal function]: Illuminate\\Foundation\\Bootstrap\\HandleExceptions->Illuminate\\Foundation\\Bootstrap\\{closure}(8, 'PHP Request Shu...', 'Unknown', 0)
#2 {main}
"} 
[2026-05-27 19:31:53] local.ERROR: PHP Request Shutdown: Sequence out of range (errflg=2) {"userId":1,"exception":"[object] (ErrorException(code: 0): PHP Request Shutdown: Sequence out of range (errflg=2) at Unknown:0)
[stacktrace]
#0 /var/www/html/vendor/laravel/framework/src/Illuminate/Foundation/Bootstrap/HandleExceptions.php(258): Illuminate\\Foundation\\Bootstrap\\HandleExceptions->handleError(8, 'PHP Request Shu...', 'Unknown', 0)
#1 [internal function]: Illuminate\\Foundation\\Bootstrap\\HandleExceptions->Illuminate\\Foundation\\Bootstrap\\{closure}(8, 'PHP Request Shu...', 'Unknown', 0)
#2 {main}
"} 
[2026-05-27 19:32:00] local.ERROR: PHP Request Shutdown: Sequence out of range (errflg=2) {"userId":1,"exception":"[object] (ErrorException(code: 0): PHP Request Shutdown: Sequence out of range (errflg=2) at Unknown:0)
[stacktrace]
#0 /var/www/html/vendor/laravel/framework/src/Illuminate/Foundation/Bootstrap/HandleExceptions.php(258): Illuminate\\Foundation\\Bootstrap\\HandleExceptions->handleError(8, 'PHP Request Shu...', 'Unknown', 0)
#1 [internal function]: Illuminate\\Foundation\\Bootstrap\\HandleExceptions->Illuminate\\Foundation\\Bootstrap\\{closure}(8, 'PHP Request Shu...', 'Unknown', 0)
#2 {main}
"} 
[2026-05-27 19:32:01] local.ERROR: PHP Request Shutdown: Sequence out of range (errflg=2) {"userId":1,"exception":"[object] (ErrorException(code: 0): PHP Request Shutdown: Sequence out of range (errflg=2) at Unknown:0)
[stacktrace]
#0 /var/www/html/vendor/laravel/framework/src/Illuminate/Foundation/Bootstrap/HandleExceptions.php(258): Illuminate\\Foundation\\Bootstrap\\HandleExceptions->handleError(8, 'PHP Request Shu...', 'Unknown', 0)
#1 [internal function]: Illuminate\\Foundation\\Bootstrap\\HandleExceptions->Illuminate\\Foundation\\Bootstrap\\{closure}(8, 'PHP Request Shu...', 'Unknown', 0)
#2 {main}
"} 
[2026-05-27 19:32:02] local.ERROR: PHP Request Shutdown: Sequence out of range (errflg=2) {"userId":1,"exception":"[object] (ErrorException(code: 0): PHP Request Shutdown: Sequence out of range (errflg=2) at Unknown:0)
[stacktrace]
#0 /var/www/html/vendor/laravel/framework/src/Illuminate/Foundation/Bootstrap/HandleExceptions.php(258): Illuminate\\Foundation\\Bootstrap\\HandleExceptions->handleError(8, 'PHP Request Shu...', 'Unknown', 0)
#1 [internal function]: Illuminate\\Foundation\\Bootstrap\\HandleExceptions->Illuminate\\Foundation\\Bootstrap\\{closure}(8, 'PHP Request Shu...', 'Unknown', 0)
#2 {main}
"} 
[2026-05-27 19:32:03] local.ERROR: PHP Request Shutdown: Sequence out of range (errflg=2) {"userId":1,"exception":"[object] (ErrorException(code: 0): PHP Request Shutdown: Sequence out of range (errflg=2) at Unknown:0)
[stacktrace]
#0 /var/www/html/vendor/laravel/framework/src/Illuminate/Foundation/Bootstrap/HandleExceptions.php(258): Illuminate\\Foundation\\Bootstrap\\HandleExceptions->handleError(8, 'PHP Request Shu...', 'Unknown', 0)
#1 [internal function]: Illuminate\\Foundation\\Bootstrap\\HandleExceptions->Illuminate\\Foundation\\Bootstrap\\{closure}(8, 'PHP Request Shu...', 'Unknown', 0)
#2 {main}
"} 
[2026-05-27 19:32:04] local.ERROR: PHP Request Shutdown: Sequence out of range (errflg=2) {"userId":1,"exception":"[object] (ErrorException(code: 0): PHP Request Shutdown: Sequence out of range (errflg=2) at Unknown:0)
[stacktrace]
#0 /var/www/html/vendor/laravel/framework/src/Illuminate/Foundation/Bootstrap/HandleExceptions.php(258): Illuminate\\Foundation\\Bootstrap\\HandleExceptions->handleError(8, 'PHP Request Shu...', 'Unknown', 0)
#1 [internal function]: Illuminate\\Foundation\\Bootstrap\\HandleExceptions->Illuminate\\Foundation\\Bootstrap\\{closure}(8, 'PHP Request Shu...', 'Unknown', 0)
#2 {main}
"} 
[2026-05-27 19:32:12] local.ERROR: PHP Request Shutdown: Sequence out of range (errflg=2) {"userId":1,"exception":"[object] (ErrorException(code: 0): PHP Request Shutdown: Sequence out of range (errflg=2) at Unknown:0)
[stacktrace]
#0 /var/www/html/vendor/laravel/framework/src/Illuminate/Foundation/Bootstrap/HandleExceptions.php(258): Illuminate\\Foundation\\Bootstrap\\HandleExceptions->handleError(8, 'PHP Request Shu...', 'Unknown', 0)
#1 [internal function]: Illuminate\\Foundation\\Bootstrap\\HandleExceptions->Illuminate\\Foundation\\Bootstrap\\{closure}(8, 'PHP Request Shu...', 'Unknown', 0)
#2 {main}
"} 
[2026-05-27 19:32:38] local.ERROR: PHP Request Shutdown: Sequence out of range (errflg=2) {"userId":1,"exception":"[object] (ErrorException(code: 0): PHP Request Shutdown: Sequence out of range (errflg=2) at Unknown:0)
[stacktrace]
#0 /var/www/html/vendor/laravel/framework/src/Illuminate/Foundation/Bootstrap/HandleExceptions.php(258): Illuminate\\Foundation\\Bootstrap\\HandleExceptions->handleError(8, 'PHP Request Shu...', 'Unknown', 0)
#1 [internal function]: Illuminate\\Foundation\\Bootstrap\\HandleExceptions->Illuminate\\Foundation\\Bootstrap\\{closure}(8, 'PHP Request Shu...', 'Unknown', 0)
#2 {main}
"} 
[2026-05-29 14:50:08] local.ERROR: Target class [DatabaseSeeder] does not exist. {"exception":"[object] (Illuminate\\Contracts\\Container\\BindingResolutionException(code: 0): Target class [DatabaseSeeder] does not exist. at /var/www/html/vendor/laravel/framework/src/Illuminate/Container/Container.php:1124)
[stacktrace]
#0 /var/www/html/vendor/laravel/framework/src/Illuminate/Container/Container.php(933): Illuminate\\Container\\Container->build('DatabaseSeeder')
#1 /var/www/html/vendor/laravel/framework/src/Illuminate/Foundation/Application.php(1078): Illuminate\\Container\\Container->resolve('DatabaseSeeder', Array, true)
#2 /var/www/html/vendor/laravel/framework/src/Illuminate/Container/Container.php(864): Illuminate\\Foundation\\Application->resolve('DatabaseSeeder', Array)
#3 /var/www/html/vendor/laravel/framework/src/Illuminate/Foundation/Application.php(1058): Illuminate\\Container\\Container->make('DatabaseSeeder', Array)
#4 /var/www/html/vendor/laravel/framework/src/Illuminate/Database/Console/Seeds/SeedCommand.php(99): Illuminate\\Foundation\\Application->make('DatabaseSeeder')
#5 /var/www/html/vendor/laravel/framework/src/Illuminate/Database/Console/Seeds/SeedCommand.php(71): Illuminate\\Database\\Console\\Seeds\\SeedCommand->getSeeder()
#6 /var/www/html/vendor/laravel/framework/src/Illuminate/Database/Eloquent/Concerns/GuardsAttributes.php(157): Illuminate\\Database\\Console\\Seeds\\SeedCommand->Illuminate\\Database\\Console\\Seeds\\{closure}()
#7 /var/www/html/vendor/laravel/framework/src/Illuminate/Database/Console/Seeds/SeedCommand.php(70): Illuminate\\Database\\Eloquent\\Model::unguarded(Object(Closure))
#8 /var/www/html/vendor/laravel/framework/src/Illuminate/Container/BoundMethod.php(36): Illuminate\\Database\\Console\\Seeds\\SeedCommand->handle()
#9 /var/www/html/vendor/laravel/framework/src/Illuminate/Container/Util.php(43): Illuminate\\Container\\BoundMethod::Illuminate\\Container\\{closure}()
#10 /var/www/html/vendor/laravel/framework/src/Illuminate/Container/BoundMethod.php(96): Illuminate\\Container\\Util::unwrapIfClosure(Object(Closure))
#11 /var/www/html/vendor/laravel/framework/src/Illuminate/Container/BoundMethod.php(35): Illuminate\\Container\\BoundMethod::callBoundMethod(Object(Illuminate\\Foundation\\Application), Array, Object(Closure))
#12 /var/www/html/vendor/laravel/framework/src/Illuminate/Container/Container.php(799): Illuminate\\Container\\BoundMethod::call(Object(Illuminate\\Foundation\\Application), Array, Array, NULL)
#13 /var/www/html/vendor/laravel/framework/src/Illuminate/Console/Command.php(211): Illuminate\\Container\\Container->call(Array)
#14 /var/www/html/vendor/symfony/console/Command/Command.php(341): Illuminate\\Console\\Command->execute(Object(Symfony\\Component\\Console\\Input\\ArgvInput), Object(Illuminate\\Console\\OutputStyle))
#15 /var/www/html/vendor/laravel/framework/src/Illuminate/Console/Command.php(180): Symfony\\Component\\Console\\Command\\Command->run(Object(Symfony\\Component\\Console\\Input\\ArgvInput), Object(Illuminate\\Console\\OutputStyle))
#16 /var/www/html/vendor/symfony/console/Application.php(1117): Illuminate\\Console\\Command->run(Object(Symfony\\Component\\Console\\Input\\ArgvInput), Object(Symfony\\Component\\Console\\Output\\ConsoleOutput))
#17 /var/www/html/vendor/symfony/console/Application.php(356): Symfony\\Component\\Console\\Application->doRunCommand(Object(Illuminate\\Database\\Console\\Seeds\\SeedCommand), Object(Symfony\\Component\\Console\\Input\\ArgvInput), Object(Symfony\\Component\\Console\\Output\\ConsoleOutput))
#18 /var/www/html/vendor/symfony/console/Application.php(195): Symfony\\Component\\Console\\Application->doRun(Object(Symfony\\Component\\Console\\Input\\ArgvInput), Object(Symfony\\Component\\Console\\Output\\ConsoleOutput))
#19 /var/www/html/vendor/laravel/framework/src/Illuminate/Foundation/Console/Kernel.php(198): Symfony\\Component\\Console\\Application->run(Object(Symfony\\Component\\Console\\Input\\ArgvInput), Object(Symfony\\Component\\Console\\Output\\ConsoleOutput))
#20 /var/www/html/vendor/laravel/framework/src/Illuminate/Foundation/Application.php(1235): Illuminate\\Foundation\\Console\\Kernel->handle(Object(Symfony\\Component\\Console\\Input\\ArgvInput), Object(Symfony\\Component\\Console\\Output\\ConsoleOutput))
#21 /var/www/html/artisan(11): Illuminate\\Foundation\\Application->handleCommand(Object(Symfony\\Component\\Console\\Input\\ArgvInput))
#22 {main}

[previous exception] [object] (ReflectionException(code: -1): Class \"DatabaseSeeder\" does not exist at /var/www/html/vendor/laravel/framework/src/Illuminate/Container/Container.php:1122)
[stacktrace]
#0 /var/www/html/vendor/laravel/framework/src/Illuminate/Container/Container.php(1122): ReflectionClass->__construct('DatabaseSeeder')
#1 /var/www/html/vendor/laravel/framework/src/Illuminate/Container/Container.php(933): Illuminate\\Container\\Container->build('DatabaseSeeder')
#2 /var/www/html/vendor/laravel/framework/src/Illuminate/Foundation/Application.php(1078): Illuminate\\Container\\Container->resolve('DatabaseSeeder', Array, true)
#3 /var/www/html/vendor/laravel/framework/src/Illuminate/Container/Container.php(864): Illuminate\\Foundation\\Application->resolve('DatabaseSeeder', Array)
#4 /var/www/html/vendor/laravel/framework/src/Illuminate/Foundation/Application.php(1058): Illuminate\\Container\\Container->make('DatabaseSeeder', Array)
#5 /var/www/html/vendor/laravel/framework/src/Illuminate/Database/Console/Seeds/SeedCommand.php(99): Illuminate\\Foundation\\Application->make('DatabaseSeeder')
#6 /var/www/html/vendor/laravel/framework/src/Illuminate/Database/Console/Seeds/SeedCommand.php(71): Illuminate\\Database\\Console\\Seeds\\SeedCommand->getSeeder()
#7 /var/www/html/vendor/laravel/framework/src/Illuminate/Database/Eloquent/Concerns/GuardsAttributes.php(157): Illuminate\\Database\\Console\\Seeds\\SeedCommand->Illuminate\\Database\\Console\\Seeds\\{closure}()
#8 /var/www/html/vendor/laravel/framework/src/Illuminate/Database/Console/Seeds/SeedCommand.php(70): Illuminate\\Database\\Eloquent\\Model::unguarded(Object(Closure))
#9 /var/www/html/vendor/laravel/framework/src/Illuminate/Container/BoundMethod.php(36): Illuminate\\Database\\Console\\Seeds\\SeedCommand->handle()
#10 /var/www/html/vendor/laravel/framework/src/Illuminate/Container/Util.php(43): Illuminate\\Container\\BoundMethod::Illuminate\\Container\\{closure}()
#11 /var/www/html/vendor/laravel/framework/src/Illuminate/Container/BoundMethod.php(96): Illuminate\\Container\\Util::unwrapIfClosure(Object(Closure))
#12 /var/www/html/vendor/laravel/framework/src/Illuminate/Container/BoundMethod.php(35): Illuminate\\Container\\BoundMethod::callBoundMethod(Object(Illuminate\\Foundation\\Application), Array, Object(Closure))
#13 /var/www/html/vendor/laravel/framework/src/Illuminate/Container/Container.php(799): Illuminate\\Container\\BoundMethod::call(Object(Illuminate\\Foundation\\Application), Array, Array, NULL)
#14 /var/www/html/vendor/laravel/framework/src/Illuminate/Console/Command.php(211): Illuminate\\Container\\Container->call(Array)
#15 /var/www/html/vendor/symfony/console/Command/Command.php(341): Illuminate\\Console\\Command->execute(Object(Symfony\\Component\\Console\\Input\\ArgvInput), Object(Illuminate\\Console\\OutputStyle))
#16 /var/www/html/vendor/laravel/framework/src/Illuminate/Console/Command.php(180): Symfony\\Component\\Console\\Command\\Command->run(Object(Symfony\\Component\\Console\\Input\\ArgvInput), Object(Illuminate\\Console\\OutputStyle))
#17 /var/www/html/vendor/symfony/console/Application.php(1117): Illuminate\\Console\\Command->run(Object(Symfony\\Component\\Console\\Input\\ArgvInput), Object(Symfony\\Component\\Console\\Output\\ConsoleOutput))
#18 /var/www/html/vendor/symfony/console/Application.php(356): Symfony\\Component\\Console\\Application->doRunCommand(Object(Illuminate\\Database\\Console\\Seeds\\SeedCommand), Object(Symfony\\Component\\Console\\Input\\ArgvInput), Object(Symfony\\Component\\Console\\Output\\ConsoleOutput))
#19 /var/www/html/vendor/symfony/console/Application.php(195): Symfony\\Component\\Console\\Application->doRun(Object(Symfony\\Component\\Console\\Input\\ArgvInput), Object(Symfony\\Component\\Console\\Output\\ConsoleOutput))
#20 /var/www/html/vendor/laravel/framework/src/Illuminate/Foundation/Console/Kernel.php(198): Symfony\\Component\\Console\\Application->run(Object(Symfony\\Component\\Console\\Input\\ArgvInput), Object(Symfony\\Component\\Console\\Output\\ConsoleOutput))
#21 /var/www/html/vendor/laravel/framework/src/Illuminate/Foundation/Application.php(1235): Illuminate\\Foundation\\Console\\Kernel->handle(Object(Symfony\\Component\\Console\\Input\\ArgvInput), Object(Symfony\\Component\\Console\\Output\\ConsoleOutput))
#22 /var/www/html/artisan(11): Illuminate\\Foundation\\Application->handleCommand(Object(Symfony\\Component\\Console\\Input\\ArgvInput))
#23 {main}
"} 
